{
  "protocol": "Sim2Real",
  "model": "enhanced",
  "seed": 42,
  "label_ratio": 0.5,
  "transfer_method": "fine_tune",
  "zero_shot_metrics": {
    "macro_f1": 0.10605224190830431,
    "falling_f1": 0.10605224190830431,
    "epileptic_fall_f1": 0.003838771593090211,
    "elderly_fall_f1": 0.06853582554517133,
    "behavior_f1": {
      "Normal Walking": 0.06729475100942127,
      "Shaking Limbs": 0.17235396182764604,
      "Facial Twitching": 0.006920415224913495,
      "Punching": 0.3235294117647059,
      "Kicking": 0.0,
      "Epileptic Fall": 0.003838771593090211,
      "Elderly Fall": 0.06853582554517133,
      "Fall and Can't Get Up": 0.2059447983014862
    },
    "ece": 0.7105277979522326
  },
  "target_metrics": {
    "macro_f1": 0.8342828038100353,
    "falling_f1": 0.8342828038100353,
    "epileptic_fall_f1": 0.987192118226601,
    "elderly_fall_f1": 0.9881889763779528,
    "behavior_f1": {
      "Normal Walking": 0.9872922776148583,
      "Shaking Limbs": 0.9912195121951219,
      "Facial Twitching": 0.9951314508276533,
      "Punching": 0.0,
      "Kicking": 0.75,
      "Epileptic Fall": 0.987192118226601,
      "Elderly Fall": 0.9881889763779528,
      "Fall and Can't Get Up": 0.9752380952380952
    },
    "ece": 0.010404165022068
  },
  "meta": {
    "run_id": "D4-Sim2Real-V1-20260222-135456-d870413d",
    "phase": "D4",
    "exp": "Sim2Real",
    "ver": "V1",
    "desc": "Sim2Real fine_tune with 50.0% labels",
    "time_start": "2026-02-22T13:54:56",
    "args": {
      "model": "enhanced",
      "protocol": "sim2real",
      "seed": 42.0,
      "epochs": 50.0,
      "out": "D:\\phd_workspace\\paperA\\results_gpu\\maxwell_pinn_real\\nogate_stea\\stea_enhanced_ratio0.50_seed42.json",
      "resume": 0.0,
      "benchmark_path": "benchmarks/wifi_csi_benchmark",
      "files_per_activity": 3.0,
      "output_dir": "results",
      "d2_model_path": "D:\\phd_workspace\\paperA\\results_gpu\\maxwell_pinn_real\\pretrain\\final_enhanced_nogate_s42.pth",
      "label_ratio": 0.5,
      "transfer_method": "fine_tune",
      "skip_synth_pretrain": 0.0,
      "lr": 0.001,
      "batch_size": 128.0,
      "class_weight": "inv_freq",
      "loso_all_folds": 0.0,
      "patience": 10.0,
      "min_epochs": 15.0,
      "loro_all_folds": 0.0,
      "positive_class": 5.0,
      "amp": 1.0,
      "checkpoint_dir": "checkpoints/maxwell_cdae",
      "num_workers": 4.0,
      "input_norm": "zscore",
      "norm_eps": 1e-06,
      "source": "synth",
      "target": "real",
      "difficulty": "mid",
      "n_samples": 2000.0,
      "T": 128.0,
      "F": 30.0
    }
  }
}