{
  "protocol": "Sim2Real",
  "model": "enhanced",
  "seed": 0,
  "label_ratio": 0.2,
  "transfer_method": "fine_tune",
  "zero_shot_metrics": {
    "macro_f1": 0.1683230862112679,
    "falling_f1": 0.1683230862112679,
    "epileptic_fall_f1": 0.05658536585365854,
    "elderly_fall_f1": 0.1038961038961039,
    "behavior_f1": {
      "Normal Walking": 0.0,
      "Shaking Limbs": 0.0022988505747126436,
      "Facial Twitching": 0.31170271769273433,
      "Punching": 0.0,
      "Kicking": 0.726027397260274,
      "Epileptic Fall": 0.05658536585365854,
      "Elderly Fall": 0.1038961038961039,
      "Fall and Can't Get Up": 0.14607425441265978
    },
    "ece": 0.4365452904465905
  },
  "target_metrics": {
    "macro_f1": 0.800656142455153,
    "falling_f1": 0.800656142455153,
    "epileptic_fall_f1": 0.9106487148102815,
    "elderly_fall_f1": 0.9408138101109741,
    "behavior_f1": {
      "Normal Walking": 0.9607142857142857,
      "Shaking Limbs": 0.9525525525525526,
      "Facial Twitching": 0.9823493609251369,
      "Punching": 0.0,
      "Kicking": 0.7464788732394366,
      "Epileptic Fall": 0.9106487148102815,
      "Elderly Fall": 0.9408138101109741,
      "Fall and Can't Get Up": 0.9116915422885572
    },
    "ece": 0.007845729987618967
  },
  "meta": {
    "run_id": "D4-Sim2Real-V1-20260222-135144-1e397e1d",
    "phase": "D4",
    "exp": "Sim2Real",
    "ver": "V1",
    "desc": "Sim2Real fine_tune with 20.0% labels",
    "time_start": "2026-02-22T13:51:44",
    "args": {
      "model": "enhanced",
      "protocol": "sim2real",
      "seed": 0.0,
      "epochs": 50.0,
      "out": "D:\\phd_workspace\\paperA\\results_gpu\\maxwell_pinn_real\\nogate_stea\\stea_enhanced_ratio0.20_seed0.json",
      "resume": 0.0,
      "benchmark_path": "benchmarks/wifi_csi_benchmark",
      "files_per_activity": 3.0,
      "output_dir": "results",
      "d2_model_path": "D:\\phd_workspace\\paperA\\results_gpu\\maxwell_pinn_real\\pretrain\\final_enhanced_nogate_s0.pth",
      "label_ratio": 0.2,
      "transfer_method": "fine_tune",
      "skip_synth_pretrain": 0.0,
      "lr": 0.001,
      "batch_size": 128.0,
      "class_weight": "inv_freq",
      "loso_all_folds": 0.0,
      "patience": 10.0,
      "min_epochs": 15.0,
      "loro_all_folds": 0.0,
      "positive_class": 5.0,
      "amp": 1.0,
      "checkpoint_dir": "checkpoints/maxwell_cdae",
      "num_workers": 4.0,
      "input_norm": "zscore",
      "norm_eps": 1e-06,
      "source": "synth",
      "target": "real",
      "difficulty": "mid",
      "n_samples": 2000.0,
      "T": 128.0,
      "F": 30.0
    }
  }
}