{
  "protocol": "Sim2Real",
  "model": "enhanced",
  "seed": 42,
  "label_ratio": 0.01,
  "transfer_method": "fine_tune",
  "zero_shot_metrics": {
    "macro_f1": 0.10469960809419895,
    "falling_f1": 0.10469960809419895,
    "epileptic_fall_f1": 0.003857280617164899,
    "elderly_fall_f1": 0.05905826017557861,
    "behavior_f1": {
      "Normal Walking": 0.06351351351351352,
      "Shaking Limbs": 0.18288738606292268,
      "Facial Twitching": 0.005128205128205128,
      "Punching": 0.31386861313868614,
      "Kicking": 0.0,
      "Epileptic Fall": 0.003857280617164899,
      "Elderly Fall": 0.05905826017557861,
      "Fall and Can't Get Up": 0.20928360611752078
    },
    "ece": 0.7044412566145953
  },
  "target_metrics": {
    "macro_f1": 0.2786767582071211,
    "falling_f1": 0.2786767582071211,
    "epileptic_fall_f1": 0.2640034737299175,
    "elderly_fall_f1": 0.0,
    "behavior_f1": {
      "Normal Walking": 0.3422391857506361,
      "Shaking Limbs": 0.2553191489361702,
      "Facial Twitching": 0.430365296803653,
      "Punching": 0.0,
      "Kicking": 0.6951871657754011,
      "Epileptic Fall": 0.2640034737299175,
      "Elderly Fall": 0.0,
      "Fall and Can't Get Up": 0.24229979466119098
    },
    "ece": 0.3813097903241964
  },
  "meta": {
    "run_id": "D4-Sim2Real-V1-20260222-135357-8773592b",
    "phase": "D4",
    "exp": "Sim2Real",
    "ver": "V1",
    "desc": "Sim2Real fine_tune with 1.0% labels",
    "time_start": "2026-02-22T13:53:57",
    "args": {
      "model": "enhanced",
      "protocol": "sim2real",
      "seed": 42.0,
      "epochs": 50.0,
      "out": "D:\\phd_workspace\\paperA\\results_gpu\\maxwell_pinn_real\\nogate_stea\\stea_enhanced_ratio0.01_seed42.json",
      "resume": 0.0,
      "benchmark_path": "benchmarks/wifi_csi_benchmark",
      "files_per_activity": 3.0,
      "output_dir": "results",
      "d2_model_path": "D:\\phd_workspace\\paperA\\results_gpu\\maxwell_pinn_real\\pretrain\\final_enhanced_nogate_s42.pth",
      "label_ratio": 0.01,
      "transfer_method": "fine_tune",
      "skip_synth_pretrain": 0.0,
      "lr": 0.001,
      "batch_size": 128.0,
      "class_weight": "inv_freq",
      "loso_all_folds": 0.0,
      "patience": 10.0,
      "min_epochs": 15.0,
      "loro_all_folds": 0.0,
      "positive_class": 5.0,
      "amp": 1.0,
      "checkpoint_dir": "checkpoints/maxwell_cdae",
      "num_workers": 4.0,
      "input_norm": "zscore",
      "norm_eps": 1e-06,
      "source": "synth",
      "target": "real",
      "difficulty": "mid",
      "n_samples": 2000.0,
      "T": 128.0,
      "F": 30.0
    }
  }
}