{
  "protocol": "Sim2Real",
  "model": "enhanced",
  "seed": 42,
  "label_ratio": 0.05,
  "transfer_method": "fine_tune",
  "zero_shot_metrics": {
    "macro_f1": 0.10486438019148267,
    "falling_f1": 0.10486438019148267,
    "epileptic_fall_f1": 0.004016064257028112,
    "elderly_fall_f1": 0.05647840531561462,
    "behavior_f1": {
      "Normal Walking": 0.06223479490806223,
      "Shaking Limbs": 0.18170731707317073,
      "Facial Twitching": 0.0053475935828877,
      "Punching": 0.32061068702290074,
      "Kicking": 0.0,
      "Epileptic Fall": 0.004016064257028112,
      "Elderly Fall": 0.05647840531561462,
      "Fall and Can't Get Up": 0.2085201793721973
    },
    "ece": 0.7062131111107384
  },
  "target_metrics": {
    "macro_f1": 0.6009015013954389,
    "falling_f1": 0.6009015013954389,
    "epileptic_fall_f1": 0.570273911091154,
    "elderly_fall_f1": 0.5549065420560748,
    "behavior_f1": {
      "Normal Walking": 0.7222715173025732,
      "Shaking Limbs": 0.7091121495327103,
      "Facial Twitching": 0.8642384105960265,
      "Punching": 0.0,
      "Kicking": 0.75,
      "Epileptic Fall": 0.570273911091154,
      "Elderly Fall": 0.5549065420560748,
      "Fall and Can't Get Up": 0.6364094805849723
    },
    "ece": 0.019488923465575018
  },
  "meta": {
    "run_id": "D4-Sim2Real-V1-20260222-135406-17ca6b2f",
    "phase": "D4",
    "exp": "Sim2Real",
    "ver": "V1",
    "desc": "Sim2Real fine_tune with 5.0% labels",
    "time_start": "2026-02-22T13:54:06",
    "args": {
      "model": "enhanced",
      "protocol": "sim2real",
      "seed": 42.0,
      "epochs": 50.0,
      "out": "D:\\phd_workspace\\paperA\\results_gpu\\maxwell_pinn_real\\nogate_stea\\stea_enhanced_ratio0.05_seed42.json",
      "resume": 0.0,
      "benchmark_path": "benchmarks/wifi_csi_benchmark",
      "files_per_activity": 3.0,
      "output_dir": "results",
      "d2_model_path": "D:\\phd_workspace\\paperA\\results_gpu\\maxwell_pinn_real\\pretrain\\final_enhanced_nogate_s42.pth",
      "label_ratio": 0.05,
      "transfer_method": "fine_tune",
      "skip_synth_pretrain": 0.0,
      "lr": 0.001,
      "batch_size": 128.0,
      "class_weight": "inv_freq",
      "loso_all_folds": 0.0,
      "patience": 10.0,
      "min_epochs": 15.0,
      "loro_all_folds": 0.0,
      "positive_class": 5.0,
      "amp": 1.0,
      "checkpoint_dir": "checkpoints/maxwell_cdae",
      "num_workers": 4.0,
      "input_norm": "zscore",
      "norm_eps": 1e-06,
      "source": "synth",
      "target": "real",
      "difficulty": "mid",
      "n_samples": 2000.0,
      "T": 128.0,
      "F": 30.0
    }
  }
}