{
  "protocol": "Sim2Real",
  "model": "enhanced",
  "seed": 0,
  "label_ratio": 0.5,
  "transfer_method": "fine_tune",
  "zero_shot_metrics": {
    "macro_f1": 0.1662199978246004,
    "falling_f1": 0.1662199978246004,
    "epileptic_fall_f1": 0.0438871473354232,
    "elderly_fall_f1": 0.10149253731343283,
    "behavior_f1": {
      "Normal Walking": 0.0,
      "Shaking Limbs": 0.003683241252302026,
      "Facial Twitching": 0.30440587449933243,
      "Punching": 0.0,
      "Kicking": 0.7252747252747253,
      "Epileptic Fall": 0.0438871473354232,
      "Elderly Fall": 0.10149253731343283,
      "Fall and Can't Get Up": 0.1510164569215876
    },
    "ece": 0.44002348169365746
  },
  "target_metrics": {
    "macro_f1": 0.8357037550103218,
    "falling_f1": 0.8357037550103218,
    "epileptic_fall_f1": 0.9931707317073171,
    "elderly_fall_f1": 0.9862745098039216,
    "behavior_f1": {
      "Normal Walking": 0.9912536443148688,
      "Shaking Limbs": 0.989310009718173,
      "Facial Twitching": 0.9961089494163424,
      "Punching": 0.0,
      "Kicking": 0.75,
      "Epileptic Fall": 0.9931707317073171,
      "Elderly Fall": 0.9862745098039216,
      "Fall and Can't Get Up": 0.9795121951219512
    },
    "ece": 0.006048250704423438
  },
  "meta": {
    "run_id": "D4-Sim2Real-V1-20260222-135206-8a8d6ed3",
    "phase": "D4",
    "exp": "Sim2Real",
    "ver": "V1",
    "desc": "Sim2Real fine_tune with 50.0% labels",
    "time_start": "2026-02-22T13:52:06",
    "args": {
      "model": "enhanced",
      "protocol": "sim2real",
      "seed": 0.0,
      "epochs": 50.0,
      "out": "D:\\phd_workspace\\paperA\\results_gpu\\maxwell_pinn_real\\nogate_stea\\stea_enhanced_ratio0.50_seed0.json",
      "resume": 0.0,
      "benchmark_path": "benchmarks/wifi_csi_benchmark",
      "files_per_activity": 3.0,
      "output_dir": "results",
      "d2_model_path": "D:\\phd_workspace\\paperA\\results_gpu\\maxwell_pinn_real\\pretrain\\final_enhanced_nogate_s0.pth",
      "label_ratio": 0.5,
      "transfer_method": "fine_tune",
      "skip_synth_pretrain": 0.0,
      "lr": 0.001,
      "batch_size": 128.0,
      "class_weight": "inv_freq",
      "loso_all_folds": 0.0,
      "patience": 10.0,
      "min_epochs": 15.0,
      "loro_all_folds": 0.0,
      "positive_class": 5.0,
      "amp": 1.0,
      "checkpoint_dir": "checkpoints/maxwell_cdae",
      "num_workers": 4.0,
      "input_norm": "zscore",
      "norm_eps": 1e-06,
      "source": "synth",
      "target": "real",
      "difficulty": "mid",
      "n_samples": 2000.0,
      "T": 128.0,
      "F": 30.0
    }
  }
}