{
  "protocol": "Sim2Real",
  "model": "enhanced",
  "seed": 42,
  "label_ratio": 0.1,
  "transfer_method": "fine_tune",
  "zero_shot_metrics": {
    "macro_f1": 0.10473211377837544,
    "falling_f1": 0.10473211377837544,
    "epileptic_fall_f1": 0.00211864406779661,
    "elderly_fall_f1": 0.06124234470691164,
    "behavior_f1": {
      "Normal Walking": 0.06384558277654045,
      "Shaking Limbs": 0.1807073954983923,
      "Facial Twitching": 0.005628517823639775,
      "Punching": 0.3137254901960784,
      "Kicking": 0.0,
      "Epileptic Fall": 0.00211864406779661,
      "Elderly Fall": 0.06124234470691164,
      "Fall and Can't Get Up": 0.21058893515764426
    },
    "ece": 0.7047231180143221
  },
  "target_metrics": {
    "macro_f1": 0.739583253836494,
    "falling_f1": 0.739583253836494,
    "epileptic_fall_f1": 0.8295577130528586,
    "elderly_fall_f1": 0.8272425249169435,
    "behavior_f1": {
      "Normal Walking": 0.8863518422418267,
      "Shaking Limbs": 0.858246001103144,
      "Facial Twitching": 0.9389102916895983,
      "Punching": 0.0,
      "Kicking": 0.7453416149068323,
      "Epileptic Fall": 0.8295577130528586,
      "Elderly Fall": 0.8272425249169435,
      "Fall and Can't Get Up": 0.8310160427807487
    },
    "ece": 0.014603847089935765
  },
  "meta": {
    "run_id": "D4-Sim2Real-V1-20260222-135419-dca659fd",
    "phase": "D4",
    "exp": "Sim2Real",
    "ver": "V1",
    "desc": "Sim2Real fine_tune with 10.0% labels",
    "time_start": "2026-02-22T13:54:19",
    "args": {
      "model": "enhanced",
      "protocol": "sim2real",
      "seed": 42.0,
      "epochs": 50.0,
      "out": "D:\\phd_workspace\\paperA\\results_gpu\\maxwell_pinn_real\\nogate_stea\\stea_enhanced_ratio0.10_seed42.json",
      "resume": 0.0,
      "benchmark_path": "benchmarks/wifi_csi_benchmark",
      "files_per_activity": 3.0,
      "output_dir": "results",
      "d2_model_path": "D:\\phd_workspace\\paperA\\results_gpu\\maxwell_pinn_real\\pretrain\\final_enhanced_nogate_s42.pth",
      "label_ratio": 0.1,
      "transfer_method": "fine_tune",
      "skip_synth_pretrain": 0.0,
      "lr": 0.001,
      "batch_size": 128.0,
      "class_weight": "inv_freq",
      "loso_all_folds": 0.0,
      "patience": 10.0,
      "min_epochs": 15.0,
      "loro_all_folds": 0.0,
      "positive_class": 5.0,
      "amp": 1.0,
      "checkpoint_dir": "checkpoints/maxwell_cdae",
      "num_workers": 4.0,
      "input_norm": "zscore",
      "norm_eps": 1e-06,
      "source": "synth",
      "target": "real",
      "difficulty": "mid",
      "n_samples": 2000.0,
      "T": 128.0,
      "F": 30.0
    }
  }
}