{
  "protocol": "Sim2Real",
  "model": "enhanced",
  "seed": 0,
  "label_ratio": 0.01,
  "transfer_method": "fine_tune",
  "zero_shot_metrics": {
    "macro_f1": 0.16476011630432985,
    "falling_f1": 0.16476011630432985,
    "epileptic_fall_f1": 0.052132701421800945,
    "elderly_fall_f1": 0.09295352323838081,
    "behavior_f1": {
      "Normal Walking": 0.0,
      "Shaking Limbs": 0.00186219739292365,
      "Facial Twitching": 0.30682839173405213,
      "Punching": 0.0,
      "Kicking": 0.7222222222222222,
      "Epileptic Fall": 0.052132701421800945,
      "Elderly Fall": 0.09295352323838081,
      "Fall and Can't Get Up": 0.142081894425259
    },
    "ece": 0.44063185884357275
  },
  "target_metrics": {
    "macro_f1": 0.18906150408895162,
    "falling_f1": 0.18906150408895162,
    "epileptic_fall_f1": 0.10105949470252648,
    "elderly_fall_f1": 0.20008624407072015,
    "behavior_f1": {
      "Normal Walking": 0.3677093844601413,
      "Shaking Limbs": 0.23144453312051078,
      "Facial Twitching": 0.0076045627376425855,
      "Punching": 0.46236559139784944,
      "Kicking": 0.0,
      "Epileptic Fall": 0.10105949470252648,
      "Elderly Fall": 0.20008624407072015,
      "Fall and Can't Get Up": 0.14222222222222222
    },
    "ece": 0.4368645392363107
  },
  "meta": {
    "run_id": "D4-Sim2Real-V1-20260222-135106-cfa25f6c",
    "phase": "D4",
    "exp": "Sim2Real",
    "ver": "V1",
    "desc": "Sim2Real fine_tune with 1.0% labels",
    "time_start": "2026-02-22T13:51:06",
    "args": {
      "model": "enhanced",
      "protocol": "sim2real",
      "seed": 0.0,
      "epochs": 50.0,
      "out": "D:\\phd_workspace\\paperA\\results_gpu\\maxwell_pinn_real\\nogate_stea\\stea_enhanced_ratio0.01_seed0.json",
      "resume": 0.0,
      "benchmark_path": "benchmarks/wifi_csi_benchmark",
      "files_per_activity": 3.0,
      "output_dir": "results",
      "d2_model_path": "D:\\phd_workspace\\paperA\\results_gpu\\maxwell_pinn_real\\pretrain\\final_enhanced_nogate_s0.pth",
      "label_ratio": 0.01,
      "transfer_method": "fine_tune",
      "skip_synth_pretrain": 0.0,
      "lr": 0.001,
      "batch_size": 128.0,
      "class_weight": "inv_freq",
      "loso_all_folds": 0.0,
      "patience": 10.0,
      "min_epochs": 15.0,
      "loro_all_folds": 0.0,
      "positive_class": 5.0,
      "amp": 1.0,
      "checkpoint_dir": "checkpoints/maxwell_cdae",
      "num_workers": 4.0,
      "input_norm": "zscore",
      "norm_eps": 1e-06,
      "source": "synth",
      "target": "real",
      "difficulty": "mid",
      "n_samples": 2000.0,
      "T": 128.0,
      "F": 30.0
    }
  }
}