{
  "protocol": "Sim2Real",
  "model": "enhanced",
  "seed": 42,
  "label_ratio": 0.2,
  "transfer_method": "fine_tune",
  "zero_shot_metrics": {
    "macro_f1": 0.10656733208272227,
    "falling_f1": 0.10656733208272227,
    "epileptic_fall_f1": 0.0023923444976076554,
    "elderly_fall_f1": 0.06432748538011696,
    "behavior_f1": {
      "Normal Walking": 0.06313993174061433,
      "Shaking Limbs": 0.18096272167933405,
      "Facial Twitching": 0.004197271773347324,
      "Punching": 0.32727272727272727,
      "Kicking": 0.0,
      "Epileptic Fall": 0.0023923444976076554,
      "Elderly Fall": 0.06432748538011696,
      "Fall and Can't Get Up": 0.2102461743180306
    },
    "ece": 0.7052731173761108
  },
  "target_metrics": {
    "macro_f1": 0.782111606190552,
    "falling_f1": 0.782111606190552,
    "epileptic_fall_f1": 0.9358024691358025,
    "elderly_fall_f1": 0.9320024953212727,
    "behavior_f1": {
      "Normal Walking": 0.9641337386018237,
      "Shaking Limbs": 0.9518518518518518,
      "Facial Twitching": 0.981062919975565,
      "Punching": 0.576,
      "Kicking": 0.0,
      "Epileptic Fall": 0.9358024691358025,
      "Elderly Fall": 0.9320024953212727,
      "Fall and Can't Get Up": 0.9160393746381007
    },
    "ece": 0.009138932535916959
  },
  "meta": {
    "run_id": "D4-Sim2Real-V1-20260222-135434-081990fc",
    "phase": "D4",
    "exp": "Sim2Real",
    "ver": "V1",
    "desc": "Sim2Real fine_tune with 20.0% labels",
    "time_start": "2026-02-22T13:54:34",
    "args": {
      "model": "enhanced",
      "protocol": "sim2real",
      "seed": 42.0,
      "epochs": 50.0,
      "out": "D:\\phd_workspace\\paperA\\results_gpu\\maxwell_pinn_real\\nogate_stea\\stea_enhanced_ratio0.20_seed42.json",
      "resume": 0.0,
      "benchmark_path": "benchmarks/wifi_csi_benchmark",
      "files_per_activity": 3.0,
      "output_dir": "results",
      "d2_model_path": "D:\\phd_workspace\\paperA\\results_gpu\\maxwell_pinn_real\\pretrain\\final_enhanced_nogate_s42.pth",
      "label_ratio": 0.2,
      "transfer_method": "fine_tune",
      "skip_synth_pretrain": 0.0,
      "lr": 0.001,
      "batch_size": 128.0,
      "class_weight": "inv_freq",
      "loso_all_folds": 0.0,
      "patience": 10.0,
      "min_epochs": 15.0,
      "loro_all_folds": 0.0,
      "positive_class": 5.0,
      "amp": 1.0,
      "checkpoint_dir": "checkpoints/maxwell_cdae",
      "num_workers": 4.0,
      "input_norm": "zscore",
      "norm_eps": 1e-06,
      "source": "synth",
      "target": "real",
      "difficulty": "mid",
      "n_samples": 2000.0,
      "T": 128.0,
      "F": 30.0
    }
  }
}