{
  "protocol": "Sim2Real",
  "model": "enhanced",
  "seed": 0,
  "label_ratio": 0.1,
  "transfer_method": "fine_tune",
  "zero_shot_metrics": {
    "macro_f1": 0.16373443173662067,
    "falling_f1": 0.16373443173662067,
    "epileptic_fall_f1": 0.052128583840139006,
    "elderly_fall_f1": 0.09195402298850575,
    "behavior_f1": {
      "Normal Walking": 0.0,
      "Shaking Limbs": 0.0020512820512820513,
      "Facial Twitching": 0.30631970260223046,
      "Punching": 0.0,
      "Kicking": 0.718562874251497,
      "Epileptic Fall": 0.052128583840139006,
      "Elderly Fall": 0.09195402298850575,
      "Fall and Can't Get Up": 0.13885898815931108
    },
    "ece": 0.4399029266730764
  },
  "target_metrics": {
    "macro_f1": 0.6190163836530737,
    "falling_f1": 0.6190163836530737,
    "epileptic_fall_f1": 0.580608793686584,
    "elderly_fall_f1": 0.6205381658429434,
    "behavior_f1": {
      "Normal Walking": 0.8356517259144771,
      "Shaking Limbs": 0.7788516202387721,
      "Facial Twitching": 0.9040084388185654,
      "Punching": 0.5714285714285714,
      "Kicking": 0.0,
      "Epileptic Fall": 0.580608793686584,
      "Elderly Fall": 0.6205381658429434,
      "Fall and Can't Get Up": 0.6610437532946758
    },
    "ece": 0.02439468272669276
  },
  "meta": {
    "run_id": "D4-Sim2Real-V1-20260222-135129-78f2195c",
    "phase": "D4",
    "exp": "Sim2Real",
    "ver": "V1",
    "desc": "Sim2Real fine_tune with 10.0% labels",
    "time_start": "2026-02-22T13:51:29",
    "args": {
      "model": "enhanced",
      "protocol": "sim2real",
      "seed": 0.0,
      "epochs": 50.0,
      "out": "D:\\phd_workspace\\paperA\\results_gpu\\maxwell_pinn_real\\nogate_stea\\stea_enhanced_ratio0.10_seed0.json",
      "resume": 0.0,
      "benchmark_path": "benchmarks/wifi_csi_benchmark",
      "files_per_activity": 3.0,
      "output_dir": "results",
      "d2_model_path": "D:\\phd_workspace\\paperA\\results_gpu\\maxwell_pinn_real\\pretrain\\final_enhanced_nogate_s0.pth",
      "label_ratio": 0.1,
      "transfer_method": "fine_tune",
      "skip_synth_pretrain": 0.0,
      "lr": 0.001,
      "batch_size": 128.0,
      "class_weight": "inv_freq",
      "loso_all_folds": 0.0,
      "patience": 10.0,
      "min_epochs": 15.0,
      "loro_all_folds": 0.0,
      "positive_class": 5.0,
      "amp": 1.0,
      "checkpoint_dir": "checkpoints/maxwell_cdae",
      "num_workers": 4.0,
      "input_norm": "zscore",
      "norm_eps": 1e-06,
      "source": "synth",
      "target": "real",
      "difficulty": "mid",
      "n_samples": 2000.0,
      "T": 128.0,
      "F": 30.0
    }
  }
}