{
  "protocol": "Sim2Real",
  "model": "enhanced",
  "seed": 0,
  "label_ratio": 0.05,
  "transfer_method": "fine_tune",
  "zero_shot_metrics": {
    "macro_f1": 0.16423330362762006,
    "falling_f1": 0.16423330362762006,
    "epileptic_fall_f1": 0.05140961857379768,
    "elderly_fall_f1": 0.09397024275646046,
    "behavior_f1": {
      "Normal Walking": 0.0,
      "Shaking Limbs": 0.0019342359767891683,
      "Facial Twitching": 0.30639887902849133,
      "Punching": 0.0,
      "Kicking": 0.72,
      "Epileptic Fall": 0.05140961857379768,
      "Elderly Fall": 0.09397024275646046,
      "Fall and Can't Get Up": 0.140153452685422
    },
    "ece": 0.4407044781820801
  },
  "target_metrics": {
    "macro_f1": 0.4905383672583886,
    "falling_f1": 0.4905383672583886,
    "epileptic_fall_f1": 0.42756680731364277,
    "elderly_fall_f1": 0.48722519310754603,
    "behavior_f1": {
      "Normal Walking": 0.6928598413298074,
      "Shaking Limbs": 0.6376811594202898,
      "Facial Twitching": 0.7216261998870694,
      "Punching": 0.5714285714285714,
      "Kicking": 0.0,
      "Epileptic Fall": 0.42756680731364277,
      "Elderly Fall": 0.48722519310754603,
      "Fall and Can't Get Up": 0.3859191655801825
    },
    "ece": 0.0698064623987044
  },
  "meta": {
    "run_id": "D4-Sim2Real-V1-20260222-135116-9ec5c4eb",
    "phase": "D4",
    "exp": "Sim2Real",
    "ver": "V1",
    "desc": "Sim2Real fine_tune with 5.0% labels",
    "time_start": "2026-02-22T13:51:16",
    "args": {
      "model": "enhanced",
      "protocol": "sim2real",
      "seed": 0.0,
      "epochs": 50.0,
      "out": "D:\\phd_workspace\\paperA\\results_gpu\\maxwell_pinn_real\\nogate_stea\\stea_enhanced_ratio0.05_seed0.json",
      "resume": 0.0,
      "benchmark_path": "benchmarks/wifi_csi_benchmark",
      "files_per_activity": 3.0,
      "output_dir": "results",
      "d2_model_path": "D:\\phd_workspace\\paperA\\results_gpu\\maxwell_pinn_real\\pretrain\\final_enhanced_nogate_s0.pth",
      "label_ratio": 0.05,
      "transfer_method": "fine_tune",
      "skip_synth_pretrain": 0.0,
      "lr": 0.001,
      "batch_size": 128.0,
      "class_weight": "inv_freq",
      "loso_all_folds": 0.0,
      "patience": 10.0,
      "min_epochs": 15.0,
      "loro_all_folds": 0.0,
      "positive_class": 5.0,
      "amp": 1.0,
      "checkpoint_dir": "checkpoints/maxwell_cdae",
      "num_workers": 4.0,
      "input_norm": "zscore",
      "norm_eps": 1e-06,
      "source": "synth",
      "target": "real",
      "difficulty": "mid",
      "n_samples": 2000.0,
      "T": 128.0,
      "F": 30.0
    }
  }
}