{
  "protocol": "Sim2Real",
  "model": "enhanced",
  "seed": 100,
  "label_ratio": 0.05,
  "transfer_method": "fine_tune",
  "zero_shot_metrics": {
    "macro_f1": 0.07116005969507139,
    "falling_f1": 0.07116005969507139,
    "epileptic_fall_f1": 0.029982363315696647,
    "elderly_fall_f1": 0.00354295837023915,
    "behavior_f1": {
      "Normal Walking": 0.23722149410222804,
      "Shaking Limbs": 0.0,
      "Facial Twitching": 0.011627906976744186,
      "Punching": 0.0,
      "Kicking": 0.0,
      "Epileptic Fall": 0.029982363315696647,
      "Elderly Fall": 0.00354295837023915,
      "Fall and Can't Get Up": 0.28690575479566305
    },
    "ece": 0.010723965319137831
  },
  "target_metrics": {
    "macro_f1": 0.6706283401370908,
    "falling_f1": 0.6706283401370908,
    "epileptic_fall_f1": 0.643144260830728,
    "elderly_fall_f1": 0.6214442013129103,
    "behavior_f1": {
      "Normal Walking": 0.8348190875721028,
      "Shaking Limbs": 0.8280701754385965,
      "Facial Twitching": 0.9085106382978724,
      "Punching": 0.0,
      "Kicking": 0.75,
      "Epileptic Fall": 0.643144260830728,
      "Elderly Fall": 0.6214442013129103,
      "Fall and Can't Get Up": 0.7790383576445165
    },
    "ece": 0.12723875136359414
  },
  "meta": {
    "run_id": "D4-Sim2Real-V1-20260222-140529-444f21c8",
    "phase": "D4",
    "exp": "Sim2Real",
    "ver": "V1",
    "desc": "Sim2Real fine_tune with 5.0% labels",
    "time_start": "2026-02-22T14:05:29",
    "args": {
      "model": "enhanced",
      "protocol": "sim2real",
      "seed": 100.0,
      "epochs": 50.0,
      "out": "D:\\phd_workspace\\paperA\\results_gpu\\maxwell_pinn_real\\gate_stea\\stea_enhanced_ratio0.05_seed100.json",
      "resume": 0.0,
      "benchmark_path": "benchmarks/wifi_csi_benchmark",
      "files_per_activity": 3.0,
      "output_dir": "results",
      "d2_model_path": "D:\\phd_workspace\\paperA\\results_gpu\\maxwell_pinn_real\\pretrain\\final_enhanced_gate_s100.pth",
      "label_ratio": 0.05,
      "transfer_method": "fine_tune",
      "skip_synth_pretrain": 0.0,
      "lr": 0.001,
      "batch_size": 128.0,
      "class_weight": "inv_freq",
      "loso_all_folds": 0.0,
      "patience": 10.0,
      "min_epochs": 15.0,
      "loro_all_folds": 0.0,
      "positive_class": 5.0,
      "amp": 1.0,
      "checkpoint_dir": "checkpoints/maxwell_cdae",
      "num_workers": 4.0,
      "input_norm": "zscore",
      "norm_eps": 1e-06,
      "source": "synth",
      "target": "real",
      "difficulty": "mid",
      "n_samples": 2000.0,
      "T": 128.0,
      "F": 30.0
    }
  }
}