{
  "protocol": "Sim2Real",
  "model": "enhanced",
  "seed": 100,
  "label_ratio": 0.5,
  "transfer_method": "fine_tune",
  "zero_shot_metrics": {
    "macro_f1": 0.07393003569784795,
    "falling_f1": 0.07393003569784795,
    "epileptic_fall_f1": 0.030405405405405407,
    "elderly_fall_f1": 0.00338409475465313,
    "behavior_f1": {
      "Normal Walking": 0.25584255842558423,
      "Shaking Limbs": 0.0,
      "Facial Twitching": 0.014732965009208104,
      "Punching": 0.0,
      "Kicking": 0.0,
      "Epileptic Fall": 0.030405405405405407,
      "Elderly Fall": 0.00338409475465313,
      "Fall and Can't Get Up": 0.28707526198793265
    },
    "ece": 0.013650539766627312
  },
  "target_metrics": {
    "macro_f1": 0.8158270237370987,
    "falling_f1": 0.8158270237370987,
    "epileptic_fall_f1": 0.9901960784313726,
    "elderly_fall_f1": 0.9902534113060428,
    "behavior_f1": {
      "Normal Walking": 0.998046875,
      "Shaking Limbs": 0.989351403678606,
      "Facial Twitching": 0.9951219512195122,
      "Punching": 0.5714285714285714,
      "Kicking": 0.0,
      "Epileptic Fall": 0.9901960784313726,
      "Elderly Fall": 0.9902534113060428,
      "Fall and Can't Get Up": 0.9922178988326849
    },
    "ece": 0.00739658300274673
  },
  "meta": {
    "run_id": "D4-Sim2Real-V1-20260222-140617-ab60e54d",
    "phase": "D4",
    "exp": "Sim2Real",
    "ver": "V1",
    "desc": "Sim2Real fine_tune with 50.0% labels",
    "time_start": "2026-02-22T14:06:17",
    "args": {
      "model": "enhanced",
      "protocol": "sim2real",
      "seed": 100.0,
      "epochs": 50.0,
      "out": "D:\\phd_workspace\\paperA\\results_gpu\\maxwell_pinn_real\\gate_stea\\stea_enhanced_ratio0.50_seed100.json",
      "resume": 0.0,
      "benchmark_path": "benchmarks/wifi_csi_benchmark",
      "files_per_activity": 3.0,
      "output_dir": "results",
      "d2_model_path": "D:\\phd_workspace\\paperA\\results_gpu\\maxwell_pinn_real\\pretrain\\final_enhanced_gate_s100.pth",
      "label_ratio": 0.5,
      "transfer_method": "fine_tune",
      "skip_synth_pretrain": 0.0,
      "lr": 0.001,
      "batch_size": 128.0,
      "class_weight": "inv_freq",
      "loso_all_folds": 0.0,
      "patience": 10.0,
      "min_epochs": 15.0,
      "loro_all_folds": 0.0,
      "positive_class": 5.0,
      "amp": 1.0,
      "checkpoint_dir": "checkpoints/maxwell_cdae",
      "num_workers": 4.0,
      "input_norm": "zscore",
      "norm_eps": 1e-06,
      "source": "synth",
      "target": "real",
      "difficulty": "mid",
      "n_samples": 2000.0,
      "T": 128.0,
      "F": 30.0
    }
  }
}