{
  "protocol": "Sim2Real",
  "model": "enhanced",
  "seed": 100,
  "label_ratio": 0.01,
  "transfer_method": "fine_tune",
  "zero_shot_metrics": {
    "macro_f1": 0.07012111246277022,
    "falling_f1": 0.07012111246277022,
    "epileptic_fall_f1": 0.028862478777589132,
    "elderly_fall_f1": 0.003401360544217687,
    "behavior_f1": {
      "Normal Walking": 0.2318840579710145,
      "Shaking Limbs": 0.0,
      "Facial Twitching": 0.011152416356877323,
      "Punching": 0.0,
      "Kicking": 0.0,
      "Epileptic Fall": 0.028862478777589132,
      "Elderly Fall": 0.003401360544217687,
      "Fall and Can't Get Up": 0.2856685860524632
    },
    "ece": 0.009300398536454011
  },
  "target_metrics": {
    "macro_f1": 0.3248219593583075,
    "falling_f1": 0.3248219593583075,
    "epileptic_fall_f1": 0.20132610006027726,
    "elderly_fall_f1": 0.2936477748193229,
    "behavior_f1": {
      "Normal Walking": 0.4938080495356037,
      "Shaking Limbs": 0.3235955056179775,
      "Facial Twitching": 0.42022324359816154,
      "Punching": 0.0,
      "Kicking": 0.7514450867052023,
      "Epileptic Fall": 0.20132610006027726,
      "Elderly Fall": 0.2936477748193229,
      "Fall and Can't Get Up": 0.11452991452991453
    },
    "ece": 0.4606031712665818
  },
  "meta": {
    "run_id": "D4-Sim2Real-V1-20260222-140519-94bf959a",
    "phase": "D4",
    "exp": "Sim2Real",
    "ver": "V1",
    "desc": "Sim2Real fine_tune with 1.0% labels",
    "time_start": "2026-02-22T14:05:19",
    "args": {
      "model": "enhanced",
      "protocol": "sim2real",
      "seed": 100.0,
      "epochs": 50.0,
      "out": "D:\\phd_workspace\\paperA\\results_gpu\\maxwell_pinn_real\\gate_stea\\stea_enhanced_ratio0.01_seed100.json",
      "resume": 0.0,
      "benchmark_path": "benchmarks/wifi_csi_benchmark",
      "files_per_activity": 3.0,
      "output_dir": "results",
      "d2_model_path": "D:\\phd_workspace\\paperA\\results_gpu\\maxwell_pinn_real\\pretrain\\final_enhanced_gate_s100.pth",
      "label_ratio": 0.01,
      "transfer_method": "fine_tune",
      "skip_synth_pretrain": 0.0,
      "lr": 0.001,
      "batch_size": 128.0,
      "class_weight": "inv_freq",
      "loso_all_folds": 0.0,
      "patience": 10.0,
      "min_epochs": 15.0,
      "loro_all_folds": 0.0,
      "positive_class": 5.0,
      "amp": 1.0,
      "checkpoint_dir": "checkpoints/maxwell_cdae",
      "num_workers": 4.0,
      "input_norm": "zscore",
      "norm_eps": 1e-06,
      "source": "synth",
      "target": "real",
      "difficulty": "mid",
      "n_samples": 2000.0,
      "T": 128.0,
      "F": 30.0
    }
  }
}