{
  "protocol": "Sim2Real",
  "model": "enhanced",
  "seed": 100,
  "label_ratio": 0.1,
  "transfer_method": "fine_tune",
  "zero_shot_metrics": {
    "macro_f1": 0.07052799572115505,
    "falling_f1": 0.07052799572115505,
    "epileptic_fall_f1": 0.033739456419868794,
    "elderly_fall_f1": 0.003738317757009346,
    "behavior_f1": {
      "Normal Walking": 0.22701949860724233,
      "Shaking Limbs": 0.0,
      "Facial Twitching": 0.012257405515832482,
      "Punching": 0.0,
      "Kicking": 0.0,
      "Epileptic Fall": 0.033739456419868794,
      "Elderly Fall": 0.003738317757009346,
      "Fall and Can't Get Up": 0.28746928746928746
    },
    "ece": 0.010343616151116918
  },
  "target_metrics": {
    "macro_f1": 0.7597809734132421,
    "falling_f1": 0.7597809734132421,
    "epileptic_fall_f1": 0.8193832599118943,
    "elderly_fall_f1": 0.827154046997389,
    "behavior_f1": {
      "Normal Walking": 0.942113648433351,
      "Shaking Limbs": 0.9377729257641921,
      "Facial Twitching": 0.9497267759562842,
      "Punching": 0.0,
      "Kicking": 0.75,
      "Epileptic Fall": 0.8193832599118943,
      "Elderly Fall": 0.827154046997389,
      "Fall and Can't Get Up": 0.8520971302428256
    },
    "ece": 0.05958993863353991
  },
  "meta": {
    "run_id": "D4-Sim2Real-V1-20260222-140541-68e717e5",
    "phase": "D4",
    "exp": "Sim2Real",
    "ver": "V1",
    "desc": "Sim2Real fine_tune with 10.0% labels",
    "time_start": "2026-02-22T14:05:41",
    "args": {
      "model": "enhanced",
      "protocol": "sim2real",
      "seed": 100.0,
      "epochs": 50.0,
      "out": "D:\\phd_workspace\\paperA\\results_gpu\\maxwell_pinn_real\\gate_stea\\stea_enhanced_ratio0.10_seed100.json",
      "resume": 0.0,
      "benchmark_path": "benchmarks/wifi_csi_benchmark",
      "files_per_activity": 3.0,
      "output_dir": "results",
      "d2_model_path": "D:\\phd_workspace\\paperA\\results_gpu\\maxwell_pinn_real\\pretrain\\final_enhanced_gate_s100.pth",
      "label_ratio": 0.1,
      "transfer_method": "fine_tune",
      "skip_synth_pretrain": 0.0,
      "lr": 0.001,
      "batch_size": 128.0,
      "class_weight": "inv_freq",
      "loso_all_folds": 0.0,
      "patience": 10.0,
      "min_epochs": 15.0,
      "loro_all_folds": 0.0,
      "positive_class": 5.0,
      "amp": 1.0,
      "checkpoint_dir": "checkpoints/maxwell_cdae",
      "num_workers": 4.0,
      "input_norm": "zscore",
      "norm_eps": 1e-06,
      "source": "synth",
      "target": "real",
      "difficulty": "mid",
      "n_samples": 2000.0,
      "T": 128.0,
      "F": 30.0
    }
  }
}