{
  "ratio_0.01": {
    "macro_f1": 0.0,
    "f1_fall": 0.0,
    "ece": 0.8574047466603721,
    "auprc": NaN,
    "cm": [
      [
        0,
        0,
        0,
        0,
        136,
        0,
        0,
        0
      ],
      [
        0,
        0,
        0,
        1,
        135,
        0,
        0,
        0
      ],
      [
        0,
        0,
        0,
        0,
        136,
        0,
        0,
        0
      ],
      [
        0,
        0,
        0,
        0,
        0,
        0,
        0,
        0
      ],
      [
        0,
        0,
        0,
        0,
        0,
        0,
        0,
        4
      ],
      [
        0,
        0,
        0,
        0,
        136,
        0,
        0,
        0
      ],
      [
        0,
        0,
        0,
        0,
        136,
        0,
        0,
        0
      ],
      [
        0,
        0,
        0,
        0,
        136,
        0,
        0,
        0
      ]
    ],
    "per_class_f1": [
      0.0,
      0.0,
      0.0,
      0.0,
      0.0,
      0.0,
      0.0,
      0.0
    ]
  },
  "ratio_0.1": {
    "macro_f1": 0.3644368979201542,
    "f1_fall": 0.3644368979201542,
    "ece": 0.06736501935051709,
    "auprc": NaN,
    "cm": [
      [
        128,
        0,
        0,
        0,
        0,
        0,
        4,
        4
      ],
      [
        38,
        47,
        14,
        0,
        0,
        23,
        4,
        10
      ],
      [
        3,
        16,
        63,
        0,
        0,
        21,
        3,
        30
      ],
      [
        0,
        0,
        0,
        0,
        0,
        0,
        0,
        0
      ],
      [
        4,
        0,
        0,
        0,
        0,
        0,
        0,
        0
      ],
      [
        18,
        9,
        16,
        0,
        0,
        54,
        11,
        28
      ],
      [
        35,
        5,
        12,
        0,
        0,
        32,
        17,
        35
      ],
      [
        10,
        6,
        5,
        0,
        0,
        41,
        15,
        59
      ]
    ],
    "per_class_f1": [
      0.6881720430107527,
      0.4292237442922374,
      0.5121951219512195,
      0.0,
      0.0,
      0.3517915309446254,
      0.17894736842105263,
      0.39072847682119205
    ]
  },
  "ratio_0.5": {
    "macro_f1": 0.7911398437976814,
    "f1_fall": 0.7911398437976814,
    "ece": 0.11767108981929174,
    "auprc": NaN,
    "cm": [
      [
        126,
        7,
        0,
        0,
        0,
        0,
        1,
        2
      ],
      [
        2,
        123,
        3,
        0,
        0,
        4,
        0,
        4
      ],
      [
        0,
        18,
        112,
        0,
        0,
        4,
        0,
        2
      ],
      [
        0,
        0,
        0,
        0,
        0,
        0,
        0,
        0
      ],
      [
        0,
        0,
        0,
        0,
        4,
        0,
        0,
        0
      ],
      [
        2,
        6,
        0,
        0,
        0,
        91,
        10,
        27
      ],
      [
        13,
        7,
        4,
        0,
        0,
        24,
        59,
        29
      ],
      [
        3,
        3,
        0,
        0,
        0,
        10,
        8,
        112
      ]
    ],
    "per_class_f1": [
      0.8936170212765957,
      0.82,
      0.8784313725490196,
      0.0,
      1.0,
      0.6765799256505576,
      0.5514018691588785,
      0.717948717948718
    ]
  },
  "ratio_1.0": {
    "macro_f1": 0.9091854674666485,
    "f1_fall": 0.9091854674666485,
    "ece": 0.06338164475632878,
    "auprc": NaN,
    "cm": [
      [
        130,
        1,
        0,
        0,
        0,
        0,
        4,
        1
      ],
      [
        2,
        115,
        16,
        0,
        0,
        1,
        1,
        1
      ],
      [
        0,
        2,
        134,
        0,
        0,
        0,
        0,
        0
      ],
      [
        0,
        0,
        0,
        0,
        0,
        0,
        0,
        0
      ],
      [
        0,
        0,
        0,
        0,
        4,
        0,
        0,
        0
      ],
      [
        0,
        1,
        1,
        0,
        0,
        107,
        21,
        6
      ],
      [
        2,
        0,
        4,
        0,
        0,
        12,
        114,
        4
      ],
      [
        0,
        1,
        3,
        0,
        0,
        0,
        2,
        130
      ]
    ],
    "per_class_f1": [
      0.9629629629629629,
      0.8984375,
      0.9115646258503401,
      0.0,
      1.0,
      0.8359375,
      0.8201438848920863,
      0.935251798561151
    ]
  }
}