{
  "ratio_0.01": {
    "macro_f1": 0.10252122448442934,
    "f1_fall": 0.10252122448442934,
    "ece": 0.47498493959360266,
    "auprc": 0.2444742514746991,
    "cm": [
      [
        0,
        8,
        0,
        128,
        0,
        0
      ],
      [
        0,
        25,
        0,
        107,
        0,
        4
      ],
      [
        0,
        36,
        0,
        96,
        4,
        0
      ],
      [
        0,
        12,
        0,
        121,
        1,
        2
      ],
      [
        0,
        19,
        0,
        111,
        6,
        0
      ],
      [
        0,
        21,
        0,
        107,
        5,
        3
      ]
    ],
    "per_class_f1": [
      0.0,
      0.19455252918287938,
      0.0,
      0.3002481389578164,
      0.07894736842105263,
      0.041379310344827586
    ],
    "macro_f1_present_only": 0.10252122448442934,
    "n_active_classes": 6,
    "active_class_ids": [
      0,
      1,
      2,
      3,
      4,
      5
    ],
    "active_classes": [
      0,
      1,
      2,
      5,
      6,
      7
    ],
    "n_classes_evaluated": 6
  },
  "ratio_0.05": {
    "macro_f1": 0.37390123762876143,
    "f1_fall": 0.37390123762876143,
    "ece": 0.04918288799258424,
    "auprc": 0.4606222207360498,
    "cm": [
      [
        108,
        16,
        3,
        9,
        0,
        0
      ],
      [
        25,
        41,
        65,
        3,
        0,
        2
      ],
      [
        0,
        26,
        110,
        0,
        0,
        0
      ],
      [
        55,
        24,
        7,
        41,
        4,
        5
      ],
      [
        73,
        11,
        1,
        21,
        22,
        8
      ],
      [
        51,
        52,
        5,
        7,
        6,
        15
      ]
    ],
    "per_class_f1": [
      0.48214285714285715,
      0.2679738562091503,
      0.672782874617737,
      0.3778801843317972,
      0.2619047619047619,
      0.18072289156626506
    ],
    "macro_f1_present_only": 0.37390123762876143,
    "n_active_classes": 6,
    "active_class_ids": [
      0,
      1,
      2,
      3,
      4,
      5
    ],
    "active_classes": [
      0,
      1,
      2,
      5,
      6,
      7
    ],
    "n_classes_evaluated": 6
  },
  "ratio_0.1": {
    "macro_f1": 0.648383776141296,
    "f1_fall": 0.648383776141296,
    "ece": 0.11958135397849132,
    "auprc": 0.6363017999293589,
    "cm": [
      [
        98,
        9,
        4,
        18,
        6,
        1
      ],
      [
        24,
        79,
        23,
        8,
        0,
        2
      ],
      [
        0,
        19,
        112,
        4,
        0,
        1
      ],
      [
        13,
        3,
        3,
        92,
        12,
        13
      ],
      [
        16,
        0,
        0,
        34,
        74,
        12
      ],
      [
        3,
        1,
        4,
        34,
        20,
        74
      ]
    ],
    "per_class_f1": [
      0.6758620689655173,
      0.6396761133603239,
      0.7943262411347518,
      0.5644171779141104,
      0.5967741935483871,
      0.6192468619246861
    ],
    "macro_f1_present_only": 0.648383776141296,
    "n_active_classes": 6,
    "active_class_ids": [
      0,
      1,
      2,
      3,
      4,
      5
    ],
    "active_classes": [
      0,
      1,
      2,
      5,
      6,
      7
    ],
    "n_classes_evaluated": 6
  },
  "ratio_0.2": {
    "macro_f1": 0.7615260654440634,
    "f1_fall": 0.7615260654440634,
    "ece": 0.046818906843077907,
    "auprc": 0.8555656288985155,
    "cm": [
      [
        129,
        5,
        0,
        2,
        0,
        0
      ],
      [
        6,
        119,
        11,
        0,
        0,
        0
      ],
      [
        0,
        10,
        125,
        0,
        0,
        1
      ],
      [
        8,
        3,
        4,
        109,
        4,
        8
      ],
      [
        43,
        10,
        2,
        16,
        55,
        10
      ],
      [
        10,
        8,
        10,
        12,
        2,
        94
      ]
    ],
    "per_class_f1": [
      0.7771084337349398,
      0.8178694158075601,
      0.8680555555555556,
      0.7927272727272727,
      0.5583756345177665,
      0.7550200803212851
    ],
    "macro_f1_present_only": 0.7615260654440634,
    "n_active_classes": 6,
    "active_class_ids": [
      0,
      1,
      2,
      3,
      4,
      5
    ],
    "active_classes": [
      0,
      1,
      2,
      5,
      6,
      7
    ],
    "n_classes_evaluated": 6
  },
  "ratio_0.5": {
    "macro_f1": 0.970534616659461,
    "f1_fall": 0.970534616659461,
    "ece": 0.030736737793274953,
    "auprc": 0.9965714070503188,
    "cm": [
      [
        134,
        1,
        0,
        1,
        0,
        0
      ],
      [
        3,
        133,
        0,
        0,
        0,
        0
      ],
      [
        0,
        5,
        130,
        1,
        0,
        0
      ],
      [
        1,
        1,
        0,
        133,
        0,
        1
      ],
      [
        0,
        0,
        0,
        0,
        136,
        0
      ],
      [
        0,
        1,
        1,
        5,
        3,
        126
      ]
    ],
    "per_class_f1": [
      0.9781021897810219,
      0.9602888086642599,
      0.9737827715355806,
      0.9637681159420289,
      0.9890909090909091,
      0.9581749049429658
    ],
    "macro_f1_present_only": 0.970534616659461,
    "n_active_classes": 6,
    "active_class_ids": [
      0,
      1,
      2,
      3,
      4,
      5
    ],
    "active_classes": [
      0,
      1,
      2,
      5,
      6,
      7
    ],
    "n_classes_evaluated": 6
  },
  "ratio_1.0": {
    "macro_f1": 0.9901767905838529,
    "f1_fall": 0.9901767905838529,
    "ece": 0.011918587427513273,
    "auprc": 0.9985042301261556,
    "cm": [
      [
        135,
        1,
        0,
        0,
        0,
        0
      ],
      [
        0,
        136,
        0,
        0,
        0,
        0
      ],
      [
        0,
        1,
        135,
        0,
        0,
        0
      ],
      [
        1,
        1,
        0,
        131,
        3,
        0
      ],
      [
        0,
        0,
        0,
        0,
        136,
        0
      ],
      [
        0,
        0,
        0,
        1,
        0,
        135
      ]
    ],
    "per_class_f1": [
      0.9926470588235294,
      0.9890909090909091,
      0.996309963099631,
      0.9776119402985075,
      0.9890909090909091,
      0.996309963099631
    ],
    "macro_f1_present_only": 0.9901767905838529,
    "n_active_classes": 6,
    "active_class_ids": [
      0,
      1,
      2,
      3,
      4,
      5
    ],
    "active_classes": [
      0,
      1,
      2,
      5,
      6,
      7
    ],
    "n_classes_evaluated": 6
  }
}