{
  "ratio_0.01": {
    "macro_f1": 0.09459591716498107,
    "f1_fall": 0.09459591716498107,
    "ece": 0.6828506579166096,
    "auprc": 0.17567454993145293,
    "cm": [
      [
        0,
        0,
        0,
        81,
        55,
        0
      ],
      [
        0,
        0,
        0,
        68,
        66,
        2
      ],
      [
        0,
        0,
        0,
        67,
        69,
        0
      ],
      [
        0,
        0,
        1,
        75,
        60,
        0
      ],
      [
        0,
        0,
        0,
        67,
        67,
        2
      ],
      [
        0,
        0,
        0,
        69,
        64,
        3
      ]
    ],
    "per_class_f1": [
      0.0,
      0.0,
      0.0,
      0.2664298401420959,
      0.25918762088974856,
      0.04195804195804196
    ],
    "macro_f1_present_only": 0.09459591716498107,
    "n_active_classes": 6,
    "active_class_ids": [
      0,
      1,
      2,
      3,
      4,
      5
    ],
    "active_classes": [
      0,
      1,
      2,
      5,
      6,
      7
    ],
    "n_classes_evaluated": 6
  },
  "ratio_0.05": {
    "macro_f1": 0.29393629330862375,
    "f1_fall": 0.29393629330862375,
    "ece": 0.13081927358300663,
    "auprc": 0.25799062063550676,
    "cm": [
      [
        107,
        0,
        1,
        5,
        21,
        2
      ],
      [
        37,
        6,
        38,
        14,
        24,
        17
      ],
      [
        3,
        2,
        49,
        27,
        0,
        55
      ],
      [
        14,
        22,
        29,
        36,
        32,
        3
      ],
      [
        42,
        9,
        4,
        36,
        32,
        13
      ],
      [
        19,
        11,
        19,
        31,
        23,
        33
      ]
    ],
    "per_class_f1": [
      0.5977653631284916,
      0.06451612903225806,
      0.35507246376811596,
      0.25263157894736843,
      0.23880597014925373,
      0.2548262548262548
    ],
    "macro_f1_present_only": 0.29393629330862375,
    "n_active_classes": 6,
    "active_class_ids": [
      0,
      1,
      2,
      3,
      4,
      5
    ],
    "active_classes": [
      0,
      1,
      2,
      5,
      6,
      7
    ],
    "n_classes_evaluated": 6
  },
  "ratio_0.1": {
    "macro_f1": 0.4308607710405359,
    "f1_fall": 0.4308607710405359,
    "ece": 0.03419806598229151,
    "auprc": 0.48383536312316155,
    "cm": [
      [
        118,
        0,
        0,
        4,
        11,
        3
      ],
      [
        33,
        10,
        35,
        6,
        15,
        37
      ],
      [
        0,
        1,
        85,
        3,
        0,
        47
      ],
      [
        8,
        5,
        4,
        52,
        38,
        29
      ],
      [
        28,
        9,
        0,
        27,
        38,
        34
      ],
      [
        3,
        4,
        4,
        31,
        22,
        72
      ]
    ],
    "per_class_f1": [
      0.7239263803680982,
      0.12121212121212122,
      0.6439393939393939,
      0.4015444015444015,
      0.2923076923076923,
      0.4022346368715084
    ],
    "macro_f1_present_only": 0.4308607710405359,
    "n_active_classes": 6,
    "active_class_ids": [
      0,
      1,
      2,
      3,
      4,
      5
    ],
    "active_classes": [
      0,
      1,
      2,
      5,
      6,
      7
    ],
    "n_classes_evaluated": 6
  },
  "ratio_0.2": {
    "macro_f1": 0.674986951135149,
    "f1_fall": 0.674986951135149,
    "ece": 0.10651974182795076,
    "auprc": 0.6085560285485507,
    "cm": [
      [
        113,
        9,
        0,
        8,
        6,
        0
      ],
      [
        3,
        87,
        33,
        5,
        1,
        7
      ],
      [
        0,
        3,
        124,
        3,
        1,
        5
      ],
      [
        4,
        6,
        14,
        72,
        27,
        13
      ],
      [
        18,
        5,
        3,
        34,
        50,
        26
      ],
      [
        3,
        2,
        2,
        7,
        8,
        114
      ]
    ],
    "per_class_f1": [
      0.8158844765342961,
      0.7016129032258065,
      0.7948717948717948,
      0.5433962264150943,
      0.4366812227074236,
      0.7574750830564784
    ],
    "macro_f1_present_only": 0.674986951135149,
    "n_active_classes": 6,
    "active_class_ids": [
      0,
      1,
      2,
      3,
      4,
      5
    ],
    "active_classes": [
      0,
      1,
      2,
      5,
      6,
      7
    ],
    "n_classes_evaluated": 6
  },
  "ratio_0.5": {
    "macro_f1": 0.9473082682248827,
    "f1_fall": 0.9473082682248827,
    "ece": 0.07867396133495312,
    "auprc": 0.9790266574528699,
    "cm": [
      [
        132,
        1,
        0,
        1,
        2,
        0
      ],
      [
        0,
        135,
        1,
        0,
        0,
        0
      ],
      [
        0,
        1,
        133,
        1,
        0,
        1
      ],
      [
        0,
        2,
        0,
        125,
        7,
        2
      ],
      [
        4,
        0,
        0,
        8,
        123,
        1
      ],
      [
        0,
        1,
        2,
        1,
        7,
        125
      ]
    ],
    "per_class_f1": [
      0.9705882352941176,
      0.9782608695652174,
      0.9779411764705882,
      0.9191176470588235,
      0.8945454545454545,
      0.9433962264150944
    ],
    "macro_f1_present_only": 0.9473082682248827,
    "n_active_classes": 6,
    "active_class_ids": [
      0,
      1,
      2,
      3,
      4,
      5
    ],
    "active_classes": [
      0,
      1,
      2,
      5,
      6,
      7
    ],
    "n_classes_evaluated": 6
  },
  "ratio_1.0": {
    "macro_f1": 0.9853374077218554,
    "f1_fall": 0.9853374077218554,
    "ece": 0.013159968543286417,
    "auprc": 0.9963631812684628,
    "cm": [
      [
        135,
        1,
        0,
        0,
        0,
        0
      ],
      [
        0,
        135,
        1,
        0,
        0,
        0
      ],
      [
        0,
        1,
        134,
        0,
        0,
        1
      ],
      [
        0,
        1,
        0,
        134,
        0,
        1
      ],
      [
        0,
        1,
        0,
        1,
        134,
        0
      ],
      [
        0,
        2,
        0,
        2,
        0,
        132
      ]
    ],
    "per_class_f1": [
      0.996309963099631,
      0.9747292418772563,
      0.988929889298893,
      0.9816849816849816,
      0.9925925925925926,
      0.9777777777777777
    ],
    "macro_f1_present_only": 0.9853374077218554,
    "n_active_classes": 6,
    "active_class_ids": [
      0,
      1,
      2,
      3,
      4,
      5
    ],
    "active_classes": [
      0,
      1,
      2,
      5,
      6,
      7
    ],
    "n_classes_evaluated": 6
  }
}