{
  "ratio_0.01": {
    "macro_f1": 0.08214812228429547,
    "f1_fall": 0.08214812228429547,
    "ece": 0.7081655138993964,
    "auprc": 0.16666827424105607,
    "cm": [
      [
        0,
        2,
        0,
        134,
        0,
        0
      ],
      [
        0,
        19,
        0,
        116,
        0,
        1
      ],
      [
        0,
        15,
        0,
        121,
        0,
        0
      ],
      [
        0,
        4,
        0,
        132,
        0,
        0
      ],
      [
        0,
        4,
        0,
        132,
        0,
        0
      ],
      [
        0,
        12,
        0,
        124,
        0,
        0
      ]
    ],
    "per_class_f1": [
      0.0,
      0.19791666666666666,
      0.0,
      0.29497206703910617,
      0.0,
      0.0
    ],
    "macro_f1_present_only": 0.08214812228429547,
    "n_active_classes": 6,
    "active_class_ids": [
      0,
      1,
      2,
      3,
      4,
      5
    ],
    "active_classes": [
      0,
      1,
      2,
      5,
      6,
      7
    ],
    "n_classes_evaluated": 6
  },
  "ratio_0.05": {
    "macro_f1": 0.4106429557684632,
    "f1_fall": 0.4106429557684632,
    "ece": 0.08028913070173826,
    "auprc": 0.40494599512140605,
    "cm": [
      [
        88,
        28,
        1,
        7,
        0,
        12
      ],
      [
        20,
        34,
        71,
        5,
        0,
        6
      ],
      [
        0,
        1,
        134,
        0,
        0,
        1
      ],
      [
        23,
        7,
        39,
        31,
        12,
        24
      ],
      [
        25,
        12,
        2,
        41,
        25,
        31
      ],
      [
        8,
        31,
        17,
        25,
        3,
        52
      ]
    ],
    "per_class_f1": [
      0.5866666666666667,
      0.27309236947791166,
      0.67,
      0.2530612244897959,
      0.2840909090909091,
      0.3969465648854962
    ],
    "macro_f1_present_only": 0.4106429557684632,
    "n_active_classes": 6,
    "active_class_ids": [
      0,
      1,
      2,
      3,
      4,
      5
    ],
    "active_classes": [
      0,
      1,
      2,
      5,
      6,
      7
    ],
    "n_classes_evaluated": 6
  },
  "ratio_0.1": {
    "macro_f1": 0.6127443639547254,
    "f1_fall": 0.6127443639547254,
    "ece": 0.12815263651895759,
    "auprc": 0.7283616519273071,
    "cm": [
      [
        122,
        0,
        0,
        2,
        11,
        1
      ],
      [
        49,
        57,
        8,
        6,
        6,
        10
      ],
      [
        0,
        47,
        58,
        9,
        0,
        22
      ],
      [
        11,
        1,
        2,
        69,
        36,
        17
      ],
      [
        5,
        0,
        0,
        3,
        107,
        21
      ],
      [
        4,
        1,
        1,
        3,
        31,
        96
      ]
    ],
    "per_class_f1": [
      0.746177370030581,
      0.47107438016528924,
      0.5658536585365853,
      0.6052631578947368,
      0.654434250764526,
      0.6336633663366337
    ],
    "macro_f1_present_only": 0.6127443639547254,
    "n_active_classes": 6,
    "active_class_ids": [
      0,
      1,
      2,
      3,
      4,
      5
    ],
    "active_classes": [
      0,
      1,
      2,
      5,
      6,
      7
    ],
    "n_classes_evaluated": 6
  },
  "ratio_0.2": {
    "macro_f1": 0.7825189012849,
    "f1_fall": 0.7825189012849,
    "ece": 0.057593107442645466,
    "auprc": 0.9258841840542245,
    "cm": [
      [
        101,
        19,
        0,
        0,
        4,
        12
      ],
      [
        0,
        128,
        5,
        0,
        0,
        3
      ],
      [
        0,
        4,
        126,
        0,
        0,
        6
      ],
      [
        1,
        4,
        5,
        55,
        29,
        42
      ],
      [
        0,
        0,
        0,
        0,
        102,
        34
      ],
      [
        1,
        0,
        0,
        0,
        3,
        132
      ]
    ],
    "per_class_f1": [
      0.8451882845188284,
      0.8797250859106529,
      0.9264705882352942,
      0.5759162303664922,
      0.7445255474452555,
      0.7232876712328767
    ],
    "macro_f1_present_only": 0.7825189012849,
    "n_active_classes": 6,
    "active_class_ids": [
      0,
      1,
      2,
      3,
      4,
      5
    ],
    "active_classes": [
      0,
      1,
      2,
      5,
      6,
      7
    ],
    "n_classes_evaluated": 6
  },
  "ratio_0.5": {
    "macro_f1": 0.9742637269668567,
    "f1_fall": 0.9742637269668567,
    "ece": 0.045681282366607706,
    "auprc": 0.9953208556149732,
    "cm": [
      [
        124,
        11,
        0,
        0,
        1,
        0
      ],
      [
        0,
        131,
        5,
        0,
        0,
        0
      ],
      [
        0,
        0,
        136,
        0,
        0,
        0
      ],
      [
        0,
        1,
        0,
        135,
        0,
        0
      ],
      [
        0,
        0,
        0,
        0,
        135,
        1
      ],
      [
        0,
        0,
        1,
        0,
        1,
        134
      ]
    ],
    "per_class_f1": [
      0.9538461538461539,
      0.9390681003584229,
      0.9784172661870504,
      0.996309963099631,
      0.989010989010989,
      0.988929889298893
    ],
    "macro_f1_present_only": 0.9742637269668567,
    "n_active_classes": 6,
    "active_class_ids": [
      0,
      1,
      2,
      3,
      4,
      5
    ],
    "active_classes": [
      0,
      1,
      2,
      5,
      6,
      7
    ],
    "n_classes_evaluated": 6
  },
  "ratio_1.0": {
    "macro_f1": 0.9889835279749181,
    "f1_fall": 0.9889835279749181,
    "ece": 0.006485880297773025,
    "auprc": 0.9945277173901691,
    "cm": [
      [
        133,
        3,
        0,
        0,
        0,
        0
      ],
      [
        0,
        135,
        1,
        0,
        0,
        0
      ],
      [
        0,
        0,
        136,
        0,
        0,
        0
      ],
      [
        0,
        1,
        0,
        135,
        0,
        0
      ],
      [
        0,
        0,
        0,
        2,
        134,
        0
      ],
      [
        2,
        0,
        0,
        0,
        0,
        134
      ]
    ],
    "per_class_f1": [
      0.981549815498155,
      0.9818181818181818,
      0.9963369963369964,
      0.989010989010989,
      0.9925925925925926,
      0.9925925925925926
    ],
    "macro_f1_present_only": 0.9889835279749181,
    "n_active_classes": 6,
    "active_class_ids": [
      0,
      1,
      2,
      3,
      4,
      5
    ],
    "active_classes": [
      0,
      1,
      2,
      5,
      6,
      7
    ],
    "n_classes_evaluated": 6
  }
}