{
  "ratio_0.01": {
    "macro_f1": 0.08206845238095238,
    "f1_fall": 0.08206845238095238,
    "ece": 0.490237587272394,
    "auprc": NaN,
    "cm": 