{
  "ratio_0.01": {
    "macro_f1": 0.07334219652865696,
    "f1_fall": 0.07334219652865696,
    "ece": 0.5559159503044451,
    "auprc": 0.17860893630175828,
    "cm": [
      [
        0,
        20,
        0,
        116,
        0,
        0
      ],
      [
        0,
        28,
        0,
        108,
        0,
        0
      ],
      [
        0,
        42,
        0,
        90,
        4,
        0
      ],
      [
        0,
        36,
        0,
        96,
        0,
        4
      ],
      [
        0,
        35,
        0,
        100,
        1,
        0
      ],
      [
        0,
        34,
        0,
        102,
        0,
        0
      ]
    ],
    "per_class_f1": [
      0.0,
      0.1691842900302115,
      0.0,
      0.25668449197860965,
      0.014184397163120567,
      0.0
    ],
    "macro_f1_present_only": 0.07334219652865696,
    "n_active_classes": 6,
    "active_class_ids": [
      0,
      1,
      2,
      3,
      4,
      5
    ],
    "active_classes": [
      0,
      1,
      2,
      5,
      6,
      7
    ],
    "n_classes_evaluated": 6
  },
  "ratio_0.05": {
    "macro_f1": 0.42251938098910785,
    "f1_fall": 0.42251938098910785,
    "ece": 0.09106677759657889,
    "auprc": 0.4157826965419163,
    "cm": [
      [
        89,
        7,
        1,
        16,
        13,
        10
      ],
      [
        29,
        33,
        57,
        9,
        2,
        6
      ],
      [
        0,
        60,
        73,
        3,
        0,
        0
      ],
      [
        21,
        8,
        8,
        54,
        26,
        19
      ],
      [
        20,
        3,
        4,
        28,
        60,
        21
      ],
      [
        10,
        31,
        5,
        18,
        32,
        40
      ]
    ],
    "per_class_f1": [
      0.5836065573770491,
      0.23741007194244604,
      0.5140845070422535,
      0.4090909090909091,
      0.44609665427509293,
      0.3448275862068966
    ],
    "macro_f1_present_only": 0.42251938098910785,
    "n_active_classes": 6,
    "active_class_ids": [
      0,
      1,
      2,
      3,
      4,
      5
    ],
    "active_classes": [
      0,
      1,
      2,
      5,
      6,
      7
    ],
    "n_classes_evaluated": 6
  },
  "ratio_0.1": {
    "macro_f1": 0.7080788542843085,
    "f1_fall": 0.7080788542843085,
    "ece": 0.16830457852897687,
    "auprc": 0.6832566541454059,
    "cm": [
      [
        105,
        8,
        0,
        15,
        8,
        0
      ],
      [
        8,
        67,
        49,
        9,
        2,
        1
      ],
      [
        0,
        5,
        130,
        1,
        0,
        0
      ],
      [
        7,
        1,
        5,
        86,
        30,
        7
      ],
      [
        10,
        0,
        1,
        19,
        95,
        11
      ],
      [
        1,
        0,
        3,
        15,
        19,
        98
      ]
    ],
    "per_class_f1": [
      0.7865168539325843,
      0.6175115207373272,
      0.8024691358024691,
      0.6120996441281139,
      0.6551724137931034,
      0.7747035573122529
    ],
    "macro_f1_present_only": 0.7080788542843085,
    "n_active_classes": 6,
    "active_class_ids": [
      0,
      1,
      2,
      3,
      4,
      5
    ],
    "active_classes": [
      0,
      1,
      2,
      5,
      6,
      7
    ],
    "n_classes_evaluated": 6
  },
  "ratio_0.2": {
    "macro_f1": 0.7826408940430957,
    "f1_fall": 0.7826408940430957,
    "ece": 0.050568626901390495,
    "auprc": 0.8202204821388929,
    "cm": [
      [
        101,
        4,
        0,
        0,
        27,
        4
      ],
      [
        30,
        93,
        3,
        0,
        1,
        9
      ],
      [
        0,
        5,
        125,
        0,
        0,
        6
      ],
      [
        2,
        2,
        2,
        72,
        44,
        14
      ],
      [
        0,
        1,
        0,
        0,
        124,
        11
      ],
      [
        1,
        1,
        0,
        0,
        9,
        125
      ]
    ],
    "per_class_f1": [
      0.7481481481481481,
      0.768595041322314,
      0.9398496240601504,
      0.6923076923076923,
      0.7272727272727273,
      0.819672131147541
    ],
    "macro_f1_present_only": 0.7826408940430957,
    "n_active_classes": 6,
    "active_class_ids": [
      0,
      1,
      2,
      3,
      4,
      5
    ],
    "active_classes": [
      0,
      1,
      2,
      5,
      6,
      7
    ],
    "n_classes_evaluated": 6
  },
  "ratio_0.5": {
    "macro_f1": 0.8900189922051985,
    "f1_fall": 0.8900189922051985,
    "ece": 0.053154647569446004,
    "auprc": 0.9480504752792617,
    "cm": [
      [
        121,
        5,
        0,
        0,
        10,
        0
      ],
      [
        4,
        132,
        0,
        0,
        0,
        0
      ],
      [
        0,
        7,
        127,
        0,
        0,
        2
      ],
      [
        1,
        2,
        0,
        92,
        38,
        3
      ],
      [
        0,
        1,
        0,
        0,
        132,
        3
      ],
      [
        0,
        0,
        0,
        0,
        15,
        121
      ]
    ],
    "per_class_f1": [
      0.9236641221374046,
      0.9328621908127208,
      0.9657794676806084,
      0.8070175438596491,
      0.797583081570997,
      0.9132075471698113
    ],
    "macro_f1_present_only": 0.8900189922051985,
    "n_active_classes": 6,
    "active_class_ids": [
      0,
      1,
      2,
      3,
      4,
      5
    ],
    "active_classes": [
      0,
      1,
      2,
      5,
      6,
      7
    ],
    "n_classes_evaluated": 6
  },
  "ratio_1.0": {
    "macro_f1": 0.9877244453957533,
    "f1_fall": 0.9877244453957533,
    "ece": 0.026672621275864394,
    "auprc": 0.9958814214404166,
    "cm": [
      [
        135,
        0,
        0,
        0,
        0,
        1
      ],
      [
        0,
        136,
        0,
        0,
        0,
        0
      ],
      [
        0,
        1,
        135,
        0,
        0,
        0
      ],
      [
        0,
        1,
        0,
        130,
        3,
        2
      ],
      [
        0,
        1,
        0,
        0,
        134,
        1
      ],
      [
        0,
        0,
        0,
        0,
        0,
        136
      ]
    ],
    "per_class_f1": [
      0.996309963099631,
      0.9890909090909091,
      0.996309963099631,
      0.9774436090225563,
      0.9816849816849816,
      0.9855072463768116
    ],
    "macro_f1_present_only": 0.9877244453957533,
    "n_active_classes": 6,
    "active_class_ids": [
      0,
      1,
      2,
      3,
      4,
      5
    ],
    "active_classes": [
      0,
      1,
      2,
      5,
      6,
      7
    ],
    "n_classes_evaluated": 6
  }
}