{
  "ratio_0.01": {
    "macro_f1": 0.08929169909380756,
    "f1_fall": 0.08929169909380756,
    "ece": 0.6978977852519237,
    "auprc": 0.15965233554136057,
    "cm": [
      [
        0,
        0,
        0,
        71,
        65,
        0
      ],
      [
        0,
        0,
        0,
        62,
        73,
        1
      ],
      [
        0,
        0,
        0,
        67,
        69,
        0
      ],
      [
        0,
        0,
        0,
        67,
        68,
        1
      ],
      [
        0,
        0,
        0,
        60,
        70,
        6
      ],
      [
        0,
        0,
        0,
        64,
        70,
        2
      ]
    ],
    "per_class_f1": [
      0.0,
      0.0,
      0.0,
      0.25426944971537,
      0.2540834845735027,
      0.0273972602739726
    ],
    "macro_f1_present_only": 0.08929169909380756,
    "n_active_classes": 6,
    "active_class_ids": [
      0,
      1,
      2,
      3,
      4,
      5
    ],
    "active_classes": [
      0,
      1,
      2,
      5,
      6,
      7
    ],
    "n_classes_evaluated": 6
  },
  "ratio_0.05": {
    "macro_f1": 0.2645730553504055,
    "f1_fall": 0.2645730553504055,
    "ece": 0.1639623318378832,
    "auprc": 0.2914424976208122,
    "cm": [
      [
        112,
        0,
        1,
        14,
        9,
        0
      ],
      [
        54,
        1,
        5,
        29,
        20,
        27
      ],
      [
        0,
        1,
        12,
        35,
        39,
        49
      ],
      [
        5,
        0,
        6,
        51,
        68,
        6
      ],
      [
        45,
        5,
        0,
        26,
        48,
        12
      ],
      [
        6,
        1,
        5,
        43,
        50,
        31
      ]
    ],
    "per_class_f1": [
      0.6256983240223464,
      0.013888888888888888,
      0.14545454545454545,
      0.30538922155688625,
      0.2594594594594595,
      0.23754789272030652
    ],
    "macro_f1_present_only": 0.2645730553504055,
    "n_active_classes": 6,
    "active_class_ids": [
      0,
      1,
      2,
      3,
      4,
      5
    ],
    "active_classes": [
      0,
      1,
      2,
      5,
      6,
      7
    ],
    "n_classes_evaluated": 6
  },
  "ratio_0.1": {
    "macro_f1": 0.5018843147095113,
    "f1_fall": 0.5018843147095113,
    "ece": 0.06681424375696508,
    "auprc": 0.5187971892007127,
    "cm": [
      [
        116,
        0,
        0,
        9,
        11,
        0
      ],
      [
        32,
        31,
        49,
        4,
        8,
        12
      ],
      [
        0,
        0,
        115,
        5,
        2,
        14
      ],
      [
        8,
        5,
        7,
        67,
        45,
        4
      ],
      [
        30,
        3,
        3,
        30,
        52,
        18
      ],
      [
        5,
        10,
        10,
        24,
        40,
        47
      ]
    ],
    "per_class_f1": [
      0.709480122324159,
      0.33513513513513515,
      0.71875,
      0.48727272727272725,
      0.35374149659863946,
      0.4069264069264069
    ],
    "macro_f1_present_only": 0.5018843147095113,
    "n_active_classes": 6,
    "active_class_ids": [
      0,
      1,
      2,
      3,
      4,
      5
    ],
    "active_classes": [
      0,
      1,
      2,
      5,
      6,
      7
    ],
    "n_classes_evaluated": 6
  },
  "ratio_0.2": {
    "macro_f1": 0.6856273663389026,
    "f1_fall": 0.6856273663389026,
    "ece": 0.12885060301963605,
    "auprc": 0.7744363344286735,
    "cm": [
      [
        123,
        0,
        0,
        4,
        8,
        1
      ],
      [
        11,
        80,
        31,
        2,
        0,
        12
      ],
      [
        0,
        0,
        127,
        2,
        1,
        6
      ],
      [
        2,
        5,
        9,
        71,
        34,
        15
      ],
      [
        29,
        5,
        1,
        15,
        62,
        24
      ],
      [
        5,
        5,
        5,
        1,
        16,
        104
      ]
    ],
    "per_class_f1": [
      0.803921568627451,
      0.6926406926406926,
      0.8220064724919094,
      0.6147186147186147,
      0.48249027237354086,
      0.697986577181208
    ],
    "macro_f1_present_only": 0.6856273663389026,
    "n_active_classes": 6,
    "active_class_ids": [
      0,
      1,
      2,
      3,
      4,
      5
    ],
    "active_classes": [
      0,
      1,
      2,
      5,
      6,
      7
    ],
    "n_classes_evaluated": 6
  },
  "ratio_0.5": {
    "macro_f1": 0.9452871137638338,
    "f1_fall": 0.9452871137638338,
    "ece": 0.07664930674375271,
    "auprc": 0.9897333347719588,
    "cm": [
      [
        125,
        2,
        0,
        0,
        8,
        1
      ],
      [
        0,
        131,
        4,
        0,
        1,
        0
      ],
      [
        0,
        0,
        135,
        0,
        0,
        1
      ],
      [
        0,
        1,
        0,
        127,
        2,
        6
      ],
      [
        0,
        0,
        0,
        0,
        122,
        14
      ],
      [
        0,
        0,
        2,
        2,
        1,
        131
      ]
    ],
    "per_class_f1": [
      0.9578544061302682,
      0.9703703703703703,
      0.9747292418772563,
      0.9584905660377359,
      0.9037037037037037,
      0.9065743944636678
    ],
    "macro_f1_present_only": 0.9452871137638338,
    "n_active_classes": 6,
    "active_class_ids": [
      0,
      1,
      2,
      3,
      4,
      5
    ],
    "active_classes": [
      0,
      1,
      2,
      5,
      6,
      7
    ],
    "n_classes_evaluated": 6
  },
  "ratio_1.0": {
    "macro_f1": 0.993867993786596,
    "f1_fall": 0.993867993786596,
    "ece": 0.011036607089872454,
    "auprc": 0.9945250451081792,
    "cm": [
      [
        135,
        0,
        0,
        0,
        1,
        0
      ],
      [
        0,
        135,
        0,
        1,
        0,
        0
      ],
      [
        0,
        0,
        136,
        0,
        0,
        0
      ],
      [
        0,
        1,
        0,
        134,
        0,
        1
      ],
      [
        0,
        0,
        0,
        0,
        136,
        0
      ],
      [
        0,
        0,
        1,
        0,
        0,
        135
      ]
    ],
    "per_class_f1": [
      0.996309963099631,
      0.9926470588235294,
      0.9963369963369964,
      0.988929889298893,
      0.9963369963369964,
      0.9926470588235294
    ],
    "macro_f1_present_only": 0.993867993786596,
    "n_active_classes": 6,
    "active_class_ids": [
      0,
      1,
      2,
      3,
      4,
      5
    ],
    "active_classes": [
      0,
      1,
      2,
      5,
      6,
      7
    ],
    "n_classes_evaluated": 6
  }
}