{
  "ratio_0.01": {
    "macro_f1": 0.08960403679493491,
    "f1_fall": 0.08960403679493491,
    "ece": 0.7056037966235011,
    "auprc": 0.17705899364277786,
    "cm": [
      [
        0,
        0,
        0,
        72,
        64,
        0
      ],
      [
        0,
        0,
        0,
        71,
        63,
        2
      ],
      [
        0,
        0,
        0,
        71,
        65,
        0
      ],
      [
        0,
        0,
        0,
        76,
        59,
        1
      ],
      [
        0,
        0,
        0,
        71,
        62,
        3
      ],
      [
        0,
        0,
        0,
        76,
        58,
        2
      ]
    ],
    "per_class_f1": [
      0.0,
      0.0,
      0.0,
      0.26527050610820246,
      0.2445759368836292,
      0.027777777777777776
    ],
    "macro_f1_present_only": 0.08960403679493491,
    "n_active_classes": 6,
    "active_class_ids": [
      0,
      1,
      2,
      3,
      4,
      5
    ],
    "active_classes": [
      0,
      1,
      2,
      5,
      6,
      7
    ],
    "n_classes_evaluated": 6
  },
  "ratio_0.05": {
    "macro_f1": 0.3055831206194739,
    "f1_fall": 0.3055831206194739,
    "ece": 0.15971386911091853,
    "auprc": 0.23806630518874666,
    "cm": [
      [
        109,
        9,
        4,
        2,
        6,
        6
      ],
      [
        33,
        14,
        31,
        2,
        12,
        44
      ],
      [
        0,
        2,
        49,
        6,
        5,
        74
      ],
      [
        9,
        7,
        45,
        14,
        37,
        24
      ],
      [
        14,
        18,
        8,
        16,
        25,
        55
      ],
      [
        1,
        7,
        26,
        10,
        34,
        58
      ]
    ],
    "per_class_f1": [
      0.7218543046357616,
      0.14507772020725387,
      0.3277591973244147,
      0.15053763440860216,
      0.19607843137254902,
      0.29219143576826195
    ],
    "macro_f1_present_only": 0.3055831206194739,
    "n_active_classes": 6,
    "active_class_ids": [
      0,
      1,
      2,
      3,
      4,
      5
    ],
    "active_classes": [
      0,
      1,
      2,
      5,
      6,
      7
    ],
    "n_classes_evaluated": 6
  },
  "ratio_0.1": {
    "macro_f1": 0.4151685155457662,
    "f1_fall": 0.4151685155457662,
    "ece": 0.06781425659416938,
    "auprc": 0.5699405317054651,
    "cm": [
      [
        124,
        0,
        0,
        6,
        4,
        2
      ],
      [
        55,
        6,
        41,
        16,
        3,
        15
      ],
      [
        0,
        0,
        83,
        11,
        0,
        42
      ],
      [
        11,
        1,
        10,
        63,
        38,
        13
      ],
      [
        60,
        3,
        0,
        18,
        32,
        23
      ],
      [
        13,
        3,
        2,
        20,
        31,
        67
      ]
    ],
    "per_class_f1": [
      0.6215538847117794,
      0.08053691275167785,
      0.6102941176470589,
      0.4666666666666667,
      0.26229508196721313,
      0.44966442953020136
    ],
    "macro_f1_present_only": 0.4151685155457662,
    "n_active_classes": 6,
    "active_class_ids": [
      0,
      1,
      2,
      3,
      4,
      5
    ],
    "active_classes": [
      0,
      1,
      2,
      5,
      6,
      7
    ],
    "n_classes_evaluated": 6
  },
  "ratio_0.2": {
    "macro_f1": 0.6486042243858466,
    "f1_fall": 0.6486042243858466,
    "ece": 0.06602212545626304,
    "auprc": 0.7091497350681942,
    "cm": [
      [
        119,
        5,
        0,
        8,
        3,
        1
      ],
      [
        2,
        81,
        44,
        4,
        1,
        4
      ],
      [
        0,
        3,
        126,
        0,
        0,
        7
      ],
      [
        1,
        4,
        16,
        73,
        23,
        19
      ],
      [
        32,
        12,
        0,
        8,
        44,
        40
      ],
      [
        0,
        9,
        10,
        6,
        13,
        98
      ]
    ],
    "per_class_f1": [
      0.8206896551724138,
      0.648,
      0.7590361445783133,
      0.6212765957446809,
      0.4,
      0.6426229508196721
    ],
    "macro_f1_present_only": 0.6486042243858466,
    "n_active_classes": 6,
    "active_class_ids": [
      0,
      1,
      2,
      3,
      4,
      5
    ],
    "active_classes": [
      0,
      1,
      2,
      5,
      6,
      7
    ],
    "n_classes_evaluated": 6
  },
  "ratio_0.5": {
    "macro_f1": 0.9297919258794037,
    "f1_fall": 0.9297919258794037,
    "ece": 0.08428788060030223,
    "auprc": 0.9778802348693271,
    "cm": [
      [
        126,
        3,
        0,
        5,
        2,
        0
      ],
      [
        0,
        134,
        2,
        0,
        0,
        0
      ],
      [
        0,
        3,
        133,
        0,
        0,
        0
      ],
      [
        0,
        3,
        1,
        127,
        5,
        0
      ],
      [
        1,
        2,
        0,
        5,
        115,
        13
      ],
      [
        0,
        2,
        6,
        3,
        1,
        124
      ]
    ],
    "per_class_f1": [
      0.9581749049429658,
      0.9469964664310954,
      0.9568345323741008,
      0.9202898550724637,
      0.888030888030888,
      0.9084249084249084
    ],
    "macro_f1_present_only": 0.9297919258794037,
    "n_active_classes": 6,
    "active_class_ids": [
      0,
      1,
      2,
      3,
      4,
      5
    ],
    "active_classes": [
      0,
      1,
      2,
      5,
      6,
      7
    ],
    "n_classes_evaluated": 6
  },
  "ratio_1.0": {
    "macro_f1": 0.982955285258697,
    "f1_fall": 0.982955285258697,
    "ece": 0.008108251052452069,
    "auprc": 0.9980562937520403,
    "cm": [
      [
        135,
        0,
        0,
        0,
        0,
        1
      ],
      [
        0,
        136,
        0,
        0,
        0,
        0
      ],
      [
        0,
        4,
        132,
        0,
        0,
        0
      ],
      [
        0,
        3,
        0,
        131,
        2,
        0
      ],
      [
        0,
        1,
        0,
        0,
        135,
        0
      ],
      [
        0,
        2,
        0,
        1,
        0,
        133
      ]
    ],
    "per_class_f1": [
      0.996309963099631,
      0.9645390070921985,
      0.9850746268656716,
      0.9776119402985075,
      0.989010989010989,
      0.9851851851851852
    ],
    "macro_f1_present_only": 0.982955285258697,
    "n_active_classes": 6,
    "active_class_ids": [
      0,
      1,
      2,
      3,
      4,
      5
    ],
    "active_classes": [
      0,
      1,
      2,
      5,
      6,
      7
    ],
    "n_classes_evaluated": 6
  }
}