{
  "ratio_0.01": {
    "macro_f1": 0.09451312356247994,
    "f1_fall": 0.09451312356247994,
    "ece": 0.7078722643611185,
    "auprc": 0.18672234378956662,
    "cm": [
      [
        0,
        0,
        0,
        89,
        47,
        0
      ],
      [
        0,
        0,
        0,
        76,
        58,
        2
      ],
      [
        0,
        0,
        0,
        79,
        57,
        0
      ],
      [
        0,
        0,
        0,
        71,
        65,
        0
      ],
      [
        0,
        0,
        0,
        66,
        66,
        4
      ],
      [
        0,
        0,
        0,
        80,
        52,
        4
      ]
    ],
    "per_class_f1": [
      0.0,
      0.0,
      0.0,
      0.23785594639865998,
      0.27442827442827444,
      0.0547945205479452
    ],
    "macro_f1_present_only": 0.09451312356247994,
    "n_active_classes": 6,
    "active_class_ids": [
      0,
      1,
      2,
      3,
      4,
      5
    ],
    "active_classes": [
      0,
      1,
      2,
      5,
      6,
      7
    ],
    "n_classes_evaluated": 6
  },
  "ratio_0.05": {
    "macro_f1": 0.32536181297659955,
    "f1_fall": 0.32536181297659955,
    "ece": 0.13729555256591708,
    "auprc": 0.31735808354964756,
    "cm": [
      [
        114,
        0,
        0,
        0,
        22,
        0
      ],
      [
        35,
        10,
        23,
        4,
        30,
        34
      ],
      [
        0,
        0,
        51,
        6,
        20,
        59
      ],
      [
        12,
        7,
        25,
        20,
        55,
        17
      ],
      [
        49,
        1,
        6,
        10,
        59,
        11
      ],
      [
        8,
        9,
        24,
        6,
        50,
        39
      ]
    ],
    "per_class_f1": [
      0.6440677966101694,
      0.12269938650306748,
      0.3849056603773585,
      0.21978021978021978,
      0.3172043010752688,
      0.2635135135135135
    ],
    "macro_f1_present_only": 0.32536181297659955,
    "n_active_classes": 6,
    "active_class_ids": [
      0,
      1,
      2,
      3,
      4,
      5
    ],
    "active_classes": [
      0,
      1,
      2,
      5,
      6,
      7
    ],
    "n_classes_evaluated": 6
  },
  "ratio_0.1": {
    "macro_f1": 0.49349891899029247,
    "f1_fall": 0.49349891899029247,
    "ece": 0.05185008249884726,
    "auprc": 0.5107619178062535,
    "cm": [
      [
        125,
        0,
        0,
        9,
        2,
        0
      ],
      [
        26,
        42,
        40,
        9,
        4,
        15
      ],
      [
        0,
        1,
        101,
        10,
        1,
        23
      ],
      [
        10,
        8,
        7,
        65,
        35,
        11
      ],
      [
        42,
        10,
        0,
        29,
        30,
        25
      ],
      [
        8,
        11,
        2,
        35,
        23,
        57
      ]
    ],
    "per_class_f1": [
      0.7204610951008645,
      0.40384615384615385,
      0.7062937062937062,
      0.44368600682593856,
      0.2597402597402597,
      0.42696629213483145
    ],
    "macro_f1_present_only": 0.49349891899029247,
    "n_active_classes": 6,
    "active_class_ids": [
      0,
      1,
      2,
      3,
      4,
      5
    ],
    "active_classes": [
      0,
      1,
      2,
      5,
      6,
      7
    ],
    "n_classes_evaluated": 6
  },
  "ratio_0.2": {
    "macro_f1": 0.6973782147712558,
    "f1_fall": 0.6973782147712558,
    "ece": 0.10322971850195352,
    "auprc": 0.7678817076806347,
    "cm": [
      [
        110,
        14,
        0,
        8,
        4,
        0
      ],
      [
        2,
        106,
        17,
        1,
        1,
        9
      ],
      [
        0,
        2,
        132,
        0,
        0,
        2
      ],
      [
        5,
        8,
        9,
        81,
        22,
        11
      ],
      [
        26,
        6,
        0,
        17,
        46,
        41
      ],
      [
        1,
        9,
        6,
        5,
        10,
        105
      ]
    ],
    "per_class_f1": [
      0.7857142857142857,
      0.7544483985765125,
      0.88,
      0.6532258064516129,
      0.4200913242009132,
      0.6907894736842105
    ],
    "macro_f1_present_only": 0.6973782147712558,
    "n_active_classes": 6,
    "active_class_ids": [
      0,
      1,
      2,
      3,
      4,
      5
    ],
    "active_classes": [
      0,
      1,
      2,
      5,
      6,
      7
    ],
    "n_classes_evaluated": 6
  },
  "ratio_0.5": {
    "macro_f1": 0.9545809409719951,
    "f1_fall": 0.9545809409719951,
    "ece": 0.08028537433083151,
    "auprc": 0.9759823081086463,
    "cm": [
      [
        134,
        1,
        0,
        0,
        1,
        0
      ],
      [
        0,
        134,
        2,
        0,
        0,
        0
      ],
      [
        0,
        4,
        130,
        1,
        0,
        1
      ],
      [
        0,
        2,
        0,
        124,
        2,
        8
      ],
      [
        4,
        0,
        0,
        2,
        122,
        8
      ],
      [
        0,
        0,
        1,
        0,
        0,
        135
      ]
    ],
    "per_class_f1": [
      0.9781021897810219,
      0.9675090252707581,
      0.966542750929368,
      0.9429657794676806,
      0.9348659003831418,
      0.9375
    ],
    "macro_f1_present_only": 0.9545809409719951,
    "n_active_classes": 6,
    "active_class_ids": [
      0,
      1,
      2,
      3,
      4,
      5
    ],
    "active_classes": [
      0,
      1,
      2,
      5,
      6,
      7
    ],
    "n_classes_evaluated": 6
  },
  "ratio_1.0": {
    "macro_f1": 0.9877792379986595,
    "f1_fall": 0.9877792379986595,
    "ece": 0.009648958476735095,
    "auprc": 0.9948858533496662,
    "cm": [
      [
        135,
        1,
        0,
        0,
        0,
        0
      ],
      [
        0,
        135,
        0,
        1,
        0,
        0
      ],
      [
        0,
        1,
        134,
        0,
        0,
        1
      ],
      [
        0,
        2,
        0,
        132,
        0,
        2
      ],
      [
        0,
        0,
        0,
        0,
        134,
        2
      ],
      [
        0,
        0,
        0,
        0,
        0,
        136
      ]
    ],
    "per_class_f1": [
      0.996309963099631,
      0.9818181818181818,
      0.9925925925925926,
      0.9814126394052045,
      0.9925925925925926,
      0.9819494584837545
    ],
    "macro_f1_present_only": 0.9877792379986595,
    "n_active_classes": 6,
    "active_class_ids": [
      0,
      1,
      2,
      3,
      4,
      5
    ],
    "active_classes": [
      0,
      1,
      2,
      5,
      6,
      7
    ],
    "n_classes_evaluated": 6
  }
}