{
  "ratio_0.01": {
    "macro_f1": 0.08526431765722713,
    "macro_f1_std": 0.00971453643664736,
    "ece": 0.5533636161144457,
    "ece_std": 0.0924974992868447,
    "n_seeds": 5
  },
  "ratio_0.05": {
    "macro_f1": 0.4083971988669139,
    "macro_f1_std": 0.03131256105613433,
    "ece": 0.07939658125899002,
    "ece_std": 0.021342731666577908,
    "n_seeds": 5
  },
  "ratio_0.1": {
    "macro_f1": 0.6122853015265693,
    "macro_f1_std": 0.06205480226121484,
    "ece": 0.10205913531575717,
    "ece_std": 0.04823453542262828,
    "n_seeds": 5
  },
  "ratio_0.2": {
    "macro_f1": 0.7781199497678953,
    "macro_f1_std": 0.03518788851880897,
    "ece": 0.058656361669886345,
    "ece_std": 0.01433741274274888,
    "n_seeds": 5
  },
  "ratio_0.5": {
    "macro_f1": 0.9345356062313185,
    "macro_f1_std": 0.039350038256088016,
    "ece": 0.039488584763717416,
    "ece_std": 0.008896769374231926,
    "n_seeds": 5
  },
  "ratio_1.0": {
    "macro_f1": 0.986510981032308,
    "macro_f1_std": 0.005597378835436897,
    "ece": 0.01504399236291647,
    "ece_std": 0.006719649045150421,
    "n_seeds": 5
  }
}