{
  "ratio_0.01": {
    "macro_f1": 0.0,
    "f1_fall": 0.0,
    "ece": 0.9831139757937076,
    "auprc": NaN,
    "cm": [
      [
        0,
        0,
        0,
        136,
        0,
        0,
        0,
        0
      ],
      [
        0,
        0,
        0,
        136,
        0,
        0,
        0,
        0
      ],
      [
        0,
        0,
        0,
        136,
        0,
        0,
        0,
        0
      ],
      [
        0,
        0,
        0,
        0,
        0,
        0,
        0,
        0
      ],
      [
        0,
        0,
        0,
        0,
        0,
        0,
        0,
        0
      ],
      [
        0,
        0,
        0,
        136,
        0,
        0,
        0,
        0
      ],
      [
        0,
        0,
        0,
        136,
        0,
        0,
        0,
        0
      ],
      [
        0,
        0,
        0,
        136,
        0,
        0,
        0,
        0
      ]
    ],
    "per_class_f1": [
      0.0,
      0.0,
      0.0,
      0.0,
      0.0,
      0.0,
      0.0,
      0.0
    ]
  },
  "ratio_0.1": {
    "macro_f1": 0.4075806699505373,
    "f1_fall": 0.4075806699505373,
    "ece": 0.06335508960353979,
    "auprc": NaN,
    "cm": [
      [
        89,
        19,
        0,
        0,
        0,
        2,
        3,
        23
      ],
      [
        8,
        49,
        57,
        0,
        0,
        5,
        0,
        17
      ],
      [
        0,
        75,
        61,
        0,
        0,
        0,
        0,
        0
      ],
      [
        0,
        0,
        0,
        0,
        0,
        0,
        0,
        0
      ],
      [
        0,
        0,
        0,
        0,
        0,
        0,
        0,
        0
      ],
      [
        28,
        34,
        5,
        0,
        0,
        42,
        9,
        18
      ],
      [
        13,
        24,
        0,
        0,
        0,
        31,
        32,
        36
      ],
      [
        15,
        25,
        6,
        0,
        0,
        15,
        16,
        59
      ]
    ],
    "per_class_f1": [
      0.615916955017301,
      0.27071823204419887,
      0.46037735849056605,
      0.0,
      0.0,
      0.36363636363636365,
      0.32653061224489793,
      0.4083044982698962
    ]
  },
  "ratio_0.5": {
    "macro_f1": 0.8901683755490623,
    "f1_fall": 0.8901683755490623,
    "ece": 0.09283279660431777,
    "auprc": NaN,
    "cm": [
      [
        132,
        0,
        0,
        0,
        0,
        0,
        4,
        0
      ],
      [
        9,
        118,
        4,
        0,
        0,
        0,
        3,
        2
      ],
      [
        0,
        15,
        118,
        0,
        0,
        2,
        0,
        1
      ],
      [
        0,
        0,
        0,
        0,
        0,
        0,
        0,
        0
      ],
      [
        0,
        0,
        0,
        0,
        0,
        0,
        0,
        0
      ],
      [
        2,
        2,
        3,
        0,
        0,
        106,
        14,
        9
      ],
      [
        0,
        0,
        0,
        0,
        0,
        2,
        132,
        2
      ],
      [
        4,
        1,
        0,
        0,
        0,
        3,
        7,
        121
      ]
    ],
    "per_class_f1": [
      0.9328621908127208,
      0.8676470588235294,
      0.9042145593869731,
      0.0,
      0.0,
      0.8514056224899599,
      0.8918918918918919,
      0.8929889298892989
    ]
  },
  "ratio_1.0": {
    "macro_f1": 0.9631182945432702,
    "f1_fall": 0.9631182945432702,
    "ece": 0.03964185868115986,
    "auprc": NaN,
    "cm": [
      [
        135,
        0,
        0,
        0,
        0,
        0,
        1,
        0
      ],
      [
        2,
        133,
        1,
        0,
        0,
        0,
        0,
        0
      ],
      [
        0,
        7,
        129,
        0,
        0,
        0,
        0,
        0
      ],
      [
        0,
        0,
        0,
        0,
        0,
        0,
        0,
        0
      ],
      [
        0,
        0,
        0,
        0,
        0,
        0,
        0,
        0
      ],
      [
        4,
        4,
        0,
        0,
        0,
        122,
        3,
        3
      ],
      [
        0,
        1,
        0,
        0,
        0,
        0,
        131,
        4
      ],
      [
        0,
        0,
        0,
        0,
        0,
        0,
        0,
        136
      ]
    ],
    "per_class_f1": [
      0.9747292418772563,
      0.9466192170818505,
      0.9699248120300752,
      0.0,
      0.0,
      0.9457364341085271,
      0.966789667896679,
      0.974910394265233
    ]
  }
}