{
  "ratio_0.01": {
    "macro_f1": 0.08729759630646013,
    "f1_fall": 0.08729759630646013,
    "ece": 0.58296639053151,
    "auprc": 0.18183928503258634,
    "cm": [
      [
        0,
        8,
        0,
        128,
        0,
        0
      ],
      [
        0,
        19,
        0,
        114,
        0,
        3
      ],
      [
        0,
        32,
        0,
        100,
        4,
        0
      ],
      [
        0,
        7,
        0,
        126,
        1,
        2
      ],
      [
        0,
        9,
        0,
        125,
        2,
        0
      ],
      [
        0,
        10,
        0,
        121,
        3,
        2
      ]
    ],
    "per_class_f1": [
      0.0,
      0.17194570135746606,
      0.0,
      0.2964705882352941,
      0.0273972602739726,
      0.027972027972027972
    ],
    "macro_f1_present_only": 0.08729759630646013,
    "n_active_classes": 6,
    "active_class_ids": [
      0,
      1,
      2,
      3,
      4,
      5
    ],
    "active_classes": [
      0,
      1,
      2,
      5,
      6,
      7
    ],
    "n_classes_evaluated": 6
  },
  "ratio_0.05": {
    "macro_f1": 0.45834897716107953,
    "f1_fall": 0.45834897716107953,
    "ece": 0.1113729255420028,
    "auprc": 0.4329204319833625,
    "cm": [
      [
        58,
        1,
        1,
        5,
        46,
        25
      ],
      [
        15,
        12,
        52,
        13,
        21,
        23
      ],
      [
        0,
        22,
        105,
        7,
        0,
        2
      ],
      [
        3,
        0,
        4,
        35,
        56,
        38
      ],
      [
        0,
        0,
        0,
        9,
        80,
        47
      ],
      [
        0,
        0,
        1,
        9,
        15,
        111
      ]
    ],
    "per_class_f1": [
      0.5471698113207547,
      0.14035087719298245,
      0.7023411371237458,
      0.32710280373831774,
      0.4519774011299435,
      0.581151832460733
    ],
    "macro_f1_present_only": 0.45834897716107953,
    "n_active_classes": 6,
    "active_class_ids": [
      0,
      1,
      2,
      3,
      4,
      5
    ],
    "active_classes": [
      0,
      1,
      2,
      5,
      6,
      7
    ],
    "n_classes_evaluated": 6
  },
  "ratio_0.1": {
    "macro_f1": 0.5432927036525387,
    "f1_fall": 0.5432927036525387,
    "ece": 0.036598673382518335,
    "auprc": 0.5857775968796759,
    "cm": [
      [
        35,
        51,
        5,
        14,
        7,
        24
      ],
      [
        0,
        60,
        60,
        1,
        0,
        15
      ],
      [
        0,
        0,
        136,
        0,
        0,
        0
      ],
      [
        0,
        13,
        23,
        67,
        2,
        31
      ],
      [
        0,
        13,
        4,
        8,
        58,
        53
      ],
      [
        1,
        10,
        8,
        11,
        3,
        103
      ]
    ],
    "per_class_f1": [
      0.4069767441860465,
      0.42402826855123676,
      0.7311827956989247,
      0.5654008438818565,
      0.5631067961165048,
      0.569060773480663
    ],
    "macro_f1_present_only": 0.5432927036525387,
    "n_active_classes": 6,
    "active_class_ids": [
      0,
      1,
      2,
      3,
      4,
      5
    ],
    "active_classes": [
      0,
      1,
      2,
      5,
      6,
      7
    ],
    "n_classes_evaluated": 6
  },
  "ratio_0.2": {
    "macro_f1": 0.8360233186741807,
    "f1_fall": 0.8360233186741807,
    "ece": 0.08648382236852366,
    "auprc": 0.9190736430609323,
    "cm": [
      [
        78,
        6,
        0,
        11,
        40,
        1
      ],
      [
        1,
        112,
        16,
        4,
        2,
        1
      ],
      [
        0,
        3,
        133,
        0,
        0,
        0
      ],
      [
        6,
        3,
        0,
        115,
        6,
        6
      ],
      [
        1,
        0,
        0,
        2,
        127,
        6
      ],
      [
        0,
        1,
        1,
        5,
        9,
        120
      ]
    ],
    "per_class_f1": [
      0.7027027027027027,
      0.8582375478927203,
      0.9300699300699301,
      0.8424908424908425,
      0.79375,
      0.8888888888888888
    ],
    "macro_f1_present_only": 0.8360233186741807,
    "n_active_classes": 6,
    "active_class_ids": [
      0,
      1,
      2,
      3,
      4,
      5
    ],
    "active_classes": [
      0,
      1,
      2,
      5,
      6,
      7
    ],
    "n_classes_evaluated": 6
  },
  "ratio_0.5": {
    "macro_f1": 0.9535648543751175,
    "f1_fall": 0.9535648543751175,
    "ece": 0.029911748754481476,
    "auprc": 0.9831858621882387,
    "cm": [
      [
        129,
        2,
        0,
        2,
        3,
        0
      ],
      [
        0,
        132,
        0,
        2,
        1,
        1
      ],
      [
        0,
        8,
        128,
        0,
        0,
        0
      ],
      [
        1,
        2,
        0,
        128,
        3,
        2
      ],
      [
        0,
        0,
        0,
        0,
        136,
        0
      ],
      [
        2,
        1,
        0,
        2,
        6,
        125
      ]
    ],
    "per_class_f1": [
      0.9626865671641791,
      0.9395017793594306,
      0.9696969696969697,
      0.9481481481481482,
      0.9543859649122807,
      0.946969696969697
    ],
    "macro_f1_present_only": 0.9535648543751175,
    "n_active_classes": 6,
    "active_class_ids": [
      0,
      1,
      2,
      3,
      4,
      5
    ],
    "active_classes": [
      0,
      1,
      2,
      5,
      6,
      7
    ],
    "n_classes_evaluated": 6
  },
  "ratio_1.0": {
    "macro_f1": 0.9754660655701638,
    "f1_fall": 0.9754660655701638,
    "ece": 0.013130758487272496,
    "auprc": 0.9953777846760377,
    "cm": [
      [
        136,
        0,
        0,
        0,
        0,
        0
      ],
      [
        0,
        136,
        0,
        0,
        0,
        0
      ],
      [
        0,
        6,
        130,
        0,
        0,
        0
      ],
      [
        0,
        2,
        0,
        126,
        6,
        2
      ],
      [
        0,
        0,
        0,
        0,
        136,
        0
      ],
      [
        0,
        0,
        0,
        1,
        3,
        132
      ]
    ],
    "per_class_f1": [
      1.0,
      0.9714285714285714,
      0.9774436090225563,
      0.9581749049429658,
      0.9679715302491103,
      0.9777777777777777
    ],
    "macro_f1_present_only": 0.9754660655701638,
    "n_active_classes": 6,
    "active_class_ids": [
      0,
      1,
      2,
      3,
      4,
      5
    ],
    "active_classes": [
      0,
      1,
      2,
      5,
      6,
      7
    ],
    "n_classes_evaluated": 6
  }
}