{
  "ratio_0.01": {
    "macro_f1": 0.07987094025265686,
    "f1_fall": 0.07987094025265686,
    "ece": 0.7055871603535672,
    "auprc": 0.15523580624965205,
    "cm": [
      [
        0,
        0,
        0,
        56,
        80,
        0
      ],
      [
        0,
        0,
        0,
        53,
        83,
        0
      ],
      [
        0,
        0,
        0,
        62,
        74,
        0
      ],
      [
        0,
        0,
        0,
        49,
        82,
        5
      ],
      [
        0,
        0,
        0,
        54,
        78,
        4
      ],
      [
        0,
        0,
        0,
        49,
        86,
        1
      ]
    ],
    "per_class_f1": [
      0.0,
      0.0,
      0.0,
      0.21350762527233116,
      0.2520193861066236,
      0.0136986301369863
    ],
    "macro_f1_present_only": 0.07987094025265686,
    "n_active_classes": 6,
    "active_class_ids": [
      0,
      1,
      2,
      3,
      4,
      5
    ],
    "active_classes": [
      0,
      1,
      2,
      5,
      6,
      7
    ],
    "n_classes_evaluated": 6
  },
  "ratio_0.05": {
    "macro_f1": 0.31057110540869215,
    "f1_fall": 0.31057110540869215,
    "ece": 0.14577281758116153,
    "auprc": 0.28429102689994534,
    "cm": [
      [
        119,
        1,
        1,
        6,
        6,
        3
      ],
      [
        35,
        2,
        30,
        9,
        9,
        51
      ],
      [
        0,
        1,
        48,
        2,
        3,
        82
      ],
      [
        7,
        13,
        21,
        31,
        23,
        41
      ],
      [
        25,
        19,
        9,
        23,
        14,
        46
      ],
      [
        0,
        10,
        8,
        28,
        20,
        70
      ]
    ],
    "per_class_f1": [
      0.7391304347826086,
      0.02197802197802198,
      0.3794466403162055,
      0.26382978723404255,
      0.13270142180094788,
      0.32634032634032634
    ],
    "macro_f1_present_only": 0.31057110540869215,
    "n_active_classes": 6,
    "active_class_ids": [
      0,
      1,
      2,
      3,
      4,
      5
    ],
    "active_classes": [
      0,
      1,
      2,
      5,
      6,
      7
    ],
    "n_classes_evaluated": 6
  },
  "ratio_0.1": {
    "macro_f1": 0.5244343179841581,
    "f1_fall": 0.5244343179841581,
    "ece": 0.08494855885339134,
    "auprc": 0.4624530944609563,
    "cm": [
      [
        99,
        19,
        0,
        10,
        7,
        1
      ],
      [
        13,
        49,
        37,
        6,
        5,
        26
      ],
      [
        0,
        2,
        97,
        2,
        2,
        33
      ],
      [
        4,
        7,
        20,
        57,
        29,
        19
      ],
      [
        22,
        14,
        5,
        22,
        46,
        27
      ],
      [
        2,
        4,
        5,
        19,
        19,
        87
      ]
    ],
    "per_class_f1": [
      0.717391304347826,
      0.42424242424242425,
      0.6466666666666666,
      0.4523809523809524,
      0.3770491803278688,
      0.5288753799392097
    ],
    "macro_f1_present_only": 0.5244343179841581,
    "n_active_classes": 6,
    "active_class_ids": [
      0,
      1,
      2,
      3,
      4,
      5
    ],
    "active_classes": [
      0,
      1,
      2,
      5,
      6,
      7
    ],
    "n_classes_evaluated": 6
  },
  "ratio_0.2": {
    "macro_f1": 0.7006380986109993,
    "f1_fall": 0.7006380986109993,
    "ece": 0.1401563349599932,
    "auprc": 0.6875766453916322,
    "cm": [
      [
        111,
        5,
        0,
        6,
        10,
        4
      ],
      [
        14,
        94,
        17,
        3,
        1,
        7
      ],
      [
        0,
        3,
        123,
        0,
        1,
        9
      ],
      [
        1,
        10,
        7,
        63,
        34,
        21
      ],
      [
        26,
        10,
        2,
        9,
        70,
        19
      ],
      [
        0,
        5,
        4,
        3,
        6,
        118
      ]
    ],
    "per_class_f1": [
      0.7708333333333334,
      0.714828897338403,
      0.8512110726643599,
      0.5727272727272728,
      0.5426356589147286,
      0.7515923566878981
    ],
    "macro_f1_present_only": 0.7006380986109993,
    "n_active_classes": 6,
    "active_class_ids": [
      0,
      1,
      2,
      3,
      4,
      5
    ],
    "active_classes": [
      0,
      1,
      2,
      5,
      6,
      7
    ],
    "n_classes_evaluated": 6
  },
  "ratio_0.5": {
    "macro_f1": 0.9230952688697176,
    "f1_fall": 0.9230952688697176,
    "ece": 0.062278188071122356,
    "auprc": 0.9645143165545901,
    "cm": [
      [
        133,
        0,
        0,
        1,
        1,
        1
      ],
      [
        0,
        125,
        7,
        1,
        3,
        0
      ],
      [
        0,
        0,
        134,
        0,
        2,
        0
      ],
      [
        0,
        4,
        0,
        123,
        6,
        3
      ],
      [
        13,
        2,
        0,
        8,
        109,
        4
      ],
      [
        0,
        1,
        0,
        5,
        0,
        130
      ]
    ],
    "per_class_f1": [
      0.9432624113475178,
      0.9328358208955224,
      0.9675090252707581,
      0.8978102189781022,
      0.8482490272373541,
      0.948905109489051
    ],
    "macro_f1_present_only": 0.9230952688697176,
    "n_active_classes": 6,
    "active_class_ids": [
      0,
      1,
      2,
      3,
      4,
      5
    ],
    "active_classes": [
      0,
      1,
      2,
      5,
      6,
      7
    ],
    "n_classes_evaluated": 6
  },
  "ratio_1.0": {
    "macro_f1": 0.9901998742025317,
    "f1_fall": 0.9901998742025317,
    "ece": 0.00992062384737473,
    "auprc": 0.9958318935157771,
    "cm": [
      [
        135,
        0,
        0,
        1,
        0,
        0
      ],
      [
        0,
        135,
        0,
        1,
        0,
        0
      ],
      [
        0,
        0,
        136,
        0,
        0,
        0
      ],
      [
        0,
        2,
        0,
        132,
        0,
        2
      ],
      [
        0,
        2,
        0,
        0,
        134,
        0
      ],
      [
        0,
        0,
        0,
        0,
        0,
        136
      ]
    ],
    "per_class_f1": [
      0.996309963099631,
      0.9818181818181818,
      1.0,
      0.9777777777777777,
      0.9925925925925926,
      0.9927007299270073
    ],
    "macro_f1_present_only": 0.9901998742025317,
    "n_active_classes": 6,
    "active_class_ids": [
      0,
      1,
      2,
      3,
      4,
      5
    ],
    "active_classes": [
      0,
      1,
      2,
      5,
      6,
      7
    ],
    "n_classes_evaluated": 6
  }
}