{
  "ratio_0.01": {
    "macro_f1": 0.08101244868229374,
    "f1_fall": 0.08101244868229374,
    "ece": 0.4447852862432745,
    "auprc": 0.17510514272539207,
    "cm": [
      [
        0,
        4,
        0,
        132,
        0,
        0
      ],
      [
        0,
        22,
        0,
        114,
        0,
        0
      ],
      [
        0,
        42,
        0,
        89,
        5,
        0
      ],
      [
        0,
        7,
        0,
        127,
        0,
        2
      ],
      [
        0,
        11,
        0,
        125,
        0,
        0
      ],
      [
        0,
        18,
        0,
        116,
        2,
        0
      ]
    ],
    "per_class_f1": [
      0.0,
      0.18333333333333332,
      0.0,
      0.30274135876042907,
      0.0,
      0.0
    ],
    "macro_f1_present_only": 0.08101244868229374,
    "n_active_classes": 6,
    "active_class_ids": [
      0,
      1,
      2,
      3,
      4,
      5
    ],
    "active_classes": [
      0,
      1,
      2,
      5,
      6,
      7
    ],
    "n_classes_evaluated": 6
  },
  "ratio_0.05": {
    "macro_f1": 0.37657344278715743,
    "f1_fall": 0.37657344278715743,
    "ece": 0.06507118446204593,
    "auprc": 0.2990640331978244,
    "cm": [
      [
        60,
        0,
        0,
        6,
        46,
        24
      ],
      [
        3,
        3,
        50,
        35,
        27,
        18
      ],
      [
        0,
        11,
        82,
        40,
        0,
        3
      ],
      [
        13,
        0,
        3,
        50,
        26,
        44
      ],
      [
        0,
        0,
        0,
        22,
        55,
        59
      ],
      [
        0,
        0,
        3,
        25,
        37,
        71
      ]
    ],
    "per_class_f1": [
      0.5660377358490566,
      0.04,
      0.5985401459854015,
      0.3184713375796178,
      0.3363914373088685,
      0.4
    ],
    "macro_f1_present_only": 0.37657344278715743,
    "n_active_classes": 6,
    "active_class_ids": [
      0,
      1,
      2,
      3,
      4,
      5
    ],
    "active_classes": [
      0,
      1,
      2,
      5,
      6,
      7
    ],
    "n_classes_evaluated": 6
  },
  "ratio_0.1": {
    "macro_f1": 0.5489268095999783,
    "f1_fall": 0.5489268095999783,
    "ece": 0.057658434169841746,
    "auprc": 0.62699767047944,
    "cm": [
      [
        106,
        27,
        0,
        0,
        0,
        3
      ],
      [
        9,
        112,
        12,
        2,
        0,
        1
      ],
      [
        0,
        41,
        91,
        3,
        0,
        1
      ],
      [
        29,
        28,
        7,
        56,
        6,
        10
      ],
      [
        37,
        23,
        5,
        14,
        26,
        31
      ],
      [
        19,
        28,
        10,
        6,
        0,
        73
      ]
    ],
    "per_class_f1": [
      0.6309523809523809,
      0.5670886075949367,
      0.6973180076628352,
      0.5161290322580645,
      0.30952380952380953,
      0.5725490196078431
    ],
    "macro_f1_present_only": 0.5489268095999783,
    "n_active_classes": 6,
    "active_class_ids": [
      0,
      1,
      2,
      3,
      4,
      5
    ],
    "active_classes": [
      0,
      1,
      2,
      5,
      6,
      7
    ],
    "n_classes_evaluated": 6
  },
  "ratio_0.2": {
    "macro_f1": 0.7278905693932368,
    "f1_fall": 0.7278905693932368,
    "ece": 0.051817344793794205,
    "auprc": 0.8690944780738481,
    "cm": [
      [
        50,
        29,
        0,
        0,
        40,
        17
      ],
      [
        0,
        132,
        1,
        0,
        1,
        2
      ],
      [
        0,
        5,
        130,
        0,
        0,
        1
      ],
      [
        2,
        2,
        5,
        77,
        23,
        27
      ],
      [
        0,
        1,
        0,
        3,
        98,
        34
      ],
      [
        0,
        3,
        4,
        3,
        10,
        116
      ]
    ],
    "per_class_f1": [
      0.5319148936170213,
      0.8571428571428571,
      0.9420289855072463,
      0.7031963470319634,
      0.6363636363636364,
      0.6966966966966966
    ],
    "macro_f1_present_only": 0.7278905693932368,
    "n_active_classes": 6,
    "active_class_ids": [
      0,
      1,
      2,
      3,
      4,
      5
    ],
    "active_classes": [
      0,
      1,
      2,
      5,
      6,
      7
    ],
    "n_classes_evaluated": 6
  },
  "ratio_0.5": {
    "macro_f1": 0.8842958409499587,
    "f1_fall": 0.8842958409499587,
    "ece": 0.03795850733477695,
    "auprc": 0.9755102541668209,
    "cm": [
      [
        90,
        0,
        0,
        8,
        34,
        4
      ],
      [
        3,
        123,
        2,
        2,
        6,
        0
      ],
      [
        0,
        4,
        128,
        3,
        0,
        1
      ],
      [
        0,
        1,
        1,
        122,
        12,
        0
      ],
      [
        0,
        0,
        0,
        1,
        135,
        0
      ],
      [
        0,
        0,
        0,
        4,
        9,
        123
      ]
    ],
    "per_class_f1": [
      0.7860262008733624,
      0.9318181818181818,
      0.9588014981273408,
      0.8840579710144928,
      0.8132530120481928,
      0.9318181818181818
    ],
    "macro_f1_present_only": 0.8842958409499587,
    "n_active_classes": 6,
    "active_class_ids": [
      0,
      1,
      2,
      3,
      4,
      5
    ],
    "active_classes": [
      0,
      1,
      2,
      5,
      6,
      7
    ],
    "n_classes_evaluated": 6
  },
  "ratio_1.0": {
    "macro_f1": 0.9902040756368521,
    "f1_fall": 0.9902040756368521,
    "ece": 0.01701211432615916,
    "auprc": 0.9975027743115931,
    "cm": [
      [
        135,
        0,
        0,
        0,
        0,
        1
      ],
      [
        0,
        136,
        0,
        0,
        0,
        0
      ],
      [
        0,
        1,
        135,
        0,
        0,
        0
      ],
      [
        0,
        1,
        0,
        135,
        0,
        0
      ],
      [
        0,
        0,
        0,
        3,
        132,
        1
      ],
      [
        0,
        0,
        0,
        1,
        0,
        135
      ]
    ],
    "per_class_f1": [
      0.996309963099631,
      0.9927007299270073,
      0.996309963099631,
      0.9818181818181818,
      0.9850746268656716,
      0.989010989010989
    ],
    "macro_f1_present_only": 0.9902040756368521,
    "n_active_classes": 6,
    "active_class_ids": [
      0,
      1,
      2,
      3,
      4,
      5
    ],
    "active_classes": [
      0,
      1,
      2,
      5,
      6,
      7
    ],
    "n_classes_evaluated": 6
  }
}