{
  "ratio_0.01": {
    "macro_f1": 0.08957514337377206,
    "macro_f1_std": 0.005363665752301424,
    "ece": 0.699962332901344,
    "ece_std": 0.009198952008505545,
    "n_seeds": 5
  },
  "ratio_0.05": {
    "macro_f1": 0.30000507753275896,
    "macro_f1_std": 0.020386161384679895,
    "ece": 0.1475127689357774,
    "ece_std": 0.012692885356073417,
    "n_seeds": 5
  },
  "ratio_0.1": {
    "macro_f1": 0.4731693676540528,
    "macro_f1_std": 0.042473639276547466,
    "ece": 0.06112504153713291,
    "ece_std": 0.017063173649637366,
    "n_seeds": 5
  },
  "ratio_0.2": {
    "macro_f1": 0.6814469710484307,
    "macro_f1_std": 0.01876143637404189,
    "ece": 0.10895570475315931,
    "ece_std": 0.025500193597311854,
    "n_seeds": 5
  },
  "ratio_0.5": {
    "macro_f1": 0.9400127035419665,
    "macro_f1_std": 0.011695658177000464,
    "ece": 0.07643494221619239,
    "ece_std": 0.00750955811513407,
    "n_seeds": 5
  },
  "ratio_1.0": {
    "macro_f1": 0.988027959793668,
    "macro_f1_std": 0.0037909410219145955,
    "ece": 0.010374881801944152,
    "ece_std": 0.0016772309579422555,
    "n_seeds": 5
  }
}